Location,Site Name,Province_code,Description,Base Price,FET,Provincial Taxes,Price Ex GST/HST,GST/HST(%),PST(%),Tot Cust Price,Effective Date
1171,CALGARY HUSKY T,AB,UNLEADED MID GRADE (88 OR 89 OCTANE),.52142,.1,.1963,.81772,.04089,0,.85861,10/29/20
1171,CALGARY HUSKY T,AB,DIESEL 2 ULSD (LED),.547,.04,.2105,.7975,.03988,0,.83738,10/29/20
1171,CALGARY HUSKY T,AB,UNLEADED REGULAR (86 OR 87 OCTANE),.48142,.1,.1963,.77772,.03889,0,.81661,10/29/20
1171,CALGARY HUSKY T,AB,UNLEADED PREMIUM (90 OR 91 OCTANE),.59142,.1,.1963,.88772,.04439,0,.93211,10/29/20
1171,CALGARY HUSKY T,AB,DIESEL EXHAUST FLUID PUMP,.76095,,0,.76095,.03805,0,.799,10/29/20
1225,DEADMAN'S FLATS,AB,ETHANOL UNLEADED MID GRADE (88 OR 89 OCTANE),.52785,.1,.1963,.82415,.04121,0,.86536,10/29/20
1225,DEADMAN'S FLATS,AB,ETHANOL UNLEADED PREMIUM (90 OR 91 OCTANE),.59785,.1,.1963,.89415,.04471,0,.93886,10/29/20
1225,DEADMAN'S FLATS,AB,DIESEL 2 ULSD (LED),.55471,.04,.2105,.80521,.04026,0,.84547,10/29/20
1225,DEADMAN'S FLATS,AB,UNLEADED REGULAR (86 OR 87 OCTANE),.48785,.1,.1963,.78415,.03921,0,.82336,10/29/20
2510,DRAYTON VALLEY ,AB,ETHANOL UNLEADED REGULAR (86 OR 87 OCTANE),.473,.1,.1963,.7693,.03847,0,.80777,10/29/20
2510,DRAYTON VALLEY ,AB,DIESEL #2 ULTRA-LOW SULFUR - DYED (NON-TAXABLE),.53,.04,.1205,.6905,.03453,0,.72503,10/29/20
2510,DRAYTON VALLEY ,AB,DIESEL 2 ULSD (LED),.53,.04,.2105,.7805,.03903,0,.81953,10/29/20
2510,DRAYTON VALLEY ,AB,UNLEADED REGULAR (86 OR 87 OCTANE),.473,.1,.1963,.7693,.03847,0,.80777,10/29/20
2823,EDMONTON W HUSK,AB,ETHANOL UNLEADED MID GRADE (88 OR 89 OCTANE),.49863,.1,.1963,.79493,.03975,0,.83468,10/29/20
2823,EDMONTON W HUSK,AB,ETHANOL UNLEADED REGULAR (86 OR 87 OCTANE),.45863,.1,.1963,.75493,.03775,0,.79268,10/29/20
2823,EDMONTON W HUSK,AB,DIESEL 2 ULSD (LED),.51642,.04,.2105,.76692,.03835,0,.80527,10/29/20
2823,EDMONTON W HUSK,AB,DIESEL EXHAUST FLUID PUMP,.76095,,0,.76095,.03805,0,.799,10/29/20
2823,EDMONTON W HUSK,AB,UNLEADED PREMIUM (90 OR 91 OCTANE),.56863,.1,.1963,.86493,.04325,0,.90818,10/29/20
3490,GRAND PRAIRIE H,AB,UNLEADED PREMIUM (90 OR 91 OCTANE),.59764,.1,.1963,.89394,.0447,0,.93864,10/29/20
3490,GRAND PRAIRIE H,AB,ETHANOL UNLEADED MID GRADE (88 OR 89 OCTANE),.52764,.1,.1963,.82394,.0412,0,.86514,10/29/20
3490,GRAND PRAIRIE H,AB,ETHANOL UNLEADED REGULAR (86 OR 87 OCTANE),.48764,.1,.1963,.78394,.0392,0,.82314,10/29/20
3490,GRAND PRAIRIE H,AB,DIESEL 2 ULSD (LED),.55016,.04,.2105,.80066,.04003,0,.84069,10/29/20
3522,RYCROFT HUSKY  ,AB,UNLEADED PREMIUM (90 OR 91 OCTANE),.60238,.1,.1963,.89868,.04493,0,.94361,10/29/20
3522,RYCROFT HUSKY  ,AB,DIESEL 2 ULSD (LED),.55568,.04,.2105,.80618,.04031,0,.84649,10/29/20
3522,RYCROFT HUSKY  ,AB,ETHANOL UNLEADED REGULAR (86 OR 87 OCTANE),.49238,.1,.1963,.78868,.03943,0,.82811,10/29/20
3522,RYCROFT HUSKY  ,AB,ETHANOL UNLEADED MID GRADE (88 OR 89 OCTANE),.53238,.1,.1963,.82868,.04143,0,.87011,10/29/20
3540,GRASSLAND TC   ,AB,ETHANOL UNLEADED MID GRADE (88 OR 89 OCTANE),.50943,.1,.1963,.80573,.04029,0,.84602,10/29/20
3540,GRASSLAND TC   ,AB,DIESEL EXHAUST FLUID PUMP,.76095,,0,.76095,.03805,0,.799,10/29/20
3540,GRASSLAND TC   ,AB,ETHANOL UNLEADED REGULAR (86 OR 87 OCTANE),.46943,.1,.1963,.76573,.03829,0,.80402,10/29/20
3540,GRASSLAND TC   ,AB,DIESEL #2 ULTRA-LOW SULFUR - DYED (NON-TAXABLE),.52906,.04,.1205,.68956,.03448,0,.72404,10/29/20
3540,GRASSLAND TC   ,AB,DIESEL 2 ULSD (LED),.52906,.04,.2105,.77956,.03898,0,.81854,10/29/20
3540,GRASSLAND TC   ,AB,UNLEADED PREMIUM (90 OR 91 OCTANE),.57943,.1,.1963,.87573,.04379,0,.91952,10/29/20
3542,GRASSLAND PROSV,AB,DIESEL #2 ULTRA-LOW SULFUR - DYED (NON-TAXABLE),.533,.04,.1205,.6935,.03468,0,.72818,10/29/20
3542,GRASSLAND PROSV,AB,ETHANOL UNLEADED REGULAR (86 OR 87 OCTANE),.4731,.1,.1963,.7694,.03847,0,.80787,10/29/20
3542,GRASSLAND PROSV,AB,DIESEL 2 ULSD (LED),.533,.04,.2105,.7835,.03918,0,.82268,10/29/20
3597,MANNING ESSO CL,AB,DIESEL 2 ULSD (LED),.5754,.04,.2105,.8259,.0413,0,.8672,10/29/20
3597,MANNING ESSO CL,AB,ETHANOL UNLEADED REGULAR (86 OR 87 OCTANE),.5184,.1,.1963,.8147,.04074,0,.85544,10/29/20
3597,MANNING ESSO CL,AB,UNLEADED REGULAR (86 OR 87 OCTANE),.5184,.1,.1963,.8147,.04074,0,.85544,10/29/20
3598,BASSANO ESSO CL,AB,DIESEL 2 ULSD (LED),.5661,.04,.2105,.8166,.04083,0,.85743,10/29/20
3599,HYTHE ESSO CL  ,AB,DIESEL 2 ULSD (LED),.5495,.04,.2105,.8,.04,0,.84,10/29/20
3599,HYTHE ESSO CL  ,AB,DIESEL #2 ULTRA-LOW SULFUR - DYED (NON-TAXABLE),.5495,.04,.1205,.71,.0355,0,.7455,10/29/20
3599,HYTHE ESSO CL  ,AB,UNLEADED REG W/ETHANOL 86/87 DYED (NON TAX),.4925,.1,.1063,.6988,.03494,0,.73374,10/29/20
3599,HYTHE ESSO CL  ,AB,ETHANOL UNLEADED REGULAR (86 OR 87 OCTANE),.4925,.1,.1963,.7888,.03944,0,.82824,10/29/20
3600,15TH AVE ESSO C,AB,DIESEL 2 ULSD (LED),.531,.04,.2105,.7815,.03908,0,.82058,10/29/20
3600,15TH AVE ESSO C,AB,DIESEL #2 ULTRA-LOW SULFUR - DYED (NON-TAXABLE),.531,.04,.1205,.6915,.03458,0,.72608,10/29/20
3600,15TH AVE ESSO C,AB,ETHANOL UNLEADED REGULAR (86 OR 87 OCTANE),.474,.1,.1963,.7703,.03852,0,.80882,10/29/20
3601,COLD LAKE ESSO ,AB,ETHANOL UNLEADED REGULAR (86 OR 87 OCTANE),.5208,.1,.1963,.8171,.04086,0,.85796,10/29/20
3601,COLD LAKE ESSO ,AB,DIESEL 2 ULSD (LED),.5778,.04,.2105,.8283,.04142,0,.86972,10/29/20
3602,HINTON ESSO CL ,AB,DIESEL #2 ULTRA-LOW SULFUR - DYED (NON-TAXABLE),.53729,.04,.1205,.69779,.03489,0,.73268,10/29/20
3602,HINTON ESSO CL ,AB,ETHANOL UNLEADED REGULAR (86 OR 87 OCTANE),.47653,.1,.1963,.77283,.03864,0,.81147,10/29/20
3602,HINTON ESSO CL ,AB,DIESEL 2 ULSD (LED),.53729,.04,.2105,.78779,.03939,0,.82718,10/29/20
3603,LAC LA BICHE ES,AB,UNLEADED REG W/ETHANOL 86/87 DYED (NON TAX),.474,.1,.1063,.6803,.03402,0,.71432,10/29/20
3603,LAC LA BICHE ES,AB,ETHANOL UNLEADED REGULAR (86 OR 87 OCTANE),.474,.1,.1963,.7703,.03852,0,.80882,10/29/20
3603,LAC LA BICHE ES,AB,DIESEL #2 ULTRA-LOW SULFUR - DYED (NON-TAXABLE),.531,.04,.1205,.6915,.03458,0,.72608,10/29/20
3603,LAC LA BICHE ES,AB,DIESEL 2 ULSD (LED),.531,.04,.2105,.7815,.03908,0,.82058,10/29/20
3604,OKOTOKS ESSO CL,AB,DIESEL #2 ULTRA-LOW SULFUR - DYED (NON-TAXABLE),.55143,.04,.1205,.71193,.0356,0,.74753,10/29/20
3604,OKOTOKS ESSO CL,AB,UNLEADED REGULAR (86 OR 87 OCTANE),.488,.1,.1963,.7843,.03922,0,.82352,10/29/20
3604,OKOTOKS ESSO CL,AB,DIESEL 2 ULSD (LED),.55143,.04,.2105,.80193,.0401,0,.84203,10/29/20
3605,RED DEER ESSO C,AB,DIESEL 2 ULSD (LED),.5213,.04,.2105,.7718,.03859,0,.81039,10/29/20
3605,RED DEER ESSO C,AB,DIESEL #2 ULTRA-LOW SULFUR - DYED (NON-TAXABLE),.5213,.04,.1205,.6818,.03409,0,.71589,10/29/20
3605,RED DEER ESSO C,AB,ETHANOL UNLEADED REGULAR (86 OR 87 OCTANE),.4643,.1,.1963,.7606,.03803,0,.79863,10/29/20
3606,REDCLIFF ESSO C,AB,DIESEL 2 ULSD (LED),.567,.04,.2105,.8175,.04088,0,.85838,10/29/20
3607,167 ST ESSO CL ,AB,DIESEL 2 ULSD (LED),.51505,.04,.2105,.76555,.03828,0,.80383,10/29/20
3607,167 ST ESSO CL ,AB,ETHANOL UNLEADED REGULAR (86 OR 87 OCTANE),.45805,.1,.1963,.75435,.03772,0,.79207,10/29/20
3608,VIKING ESSO CL ,AB,DIESEL #2 ULTRA-LOW SULFUR - DYED (NON-TAXABLE),.5275,.04,.1205,.688,.0344,0,.7224,10/29/20
3608,VIKING ESSO CL ,AB,DIESEL 2 ULSD (LED),.5275,.04,.2105,.778,.0389,0,.8169,10/29/20
3608,VIKING ESSO CL ,AB,ETHANOL UNLEADED REGULAR (86 OR 87 OCTANE),.4705,.1,.1963,.7668,.03834,0,.80514,10/29/20
3609,MACKAY CRES ESS,AB,DIESEL 2 ULSD (LED),.5394,.04,.2105,.7899,.0395,0,.8294,10/29/20
3609,MACKAY CRES ESS,AB,DIESEL #2 ULTRA-LOW SULFUR - DYED (NON-TAXABLE),.5394,.04,.1205,.6999,.035,0,.7349,10/29/20
3609,MACKAY CRES ESS,AB,ETHANOL UNLEADED REGULAR (86 OR 87 OCTANE),.4824,.1,.1963,.7787,.03894,0,.81764,10/29/20
3639,RED EARTH ESSO ,AB,DIESEL 2 ULSD (LED),.5425,.04,.2105,.793,.03965,0,.83265,10/29/20
3647,BEARSPAW ESSO C,AB,DIESEL 2 ULSD (LED),.55529,.04,.2105,.80579,.04029,0,.84608,10/29/20
3647,BEARSPAW ESSO C,AB,DIESEL EXHAUST FLUID PUMP,.76095,,0,.76095,.03805,0,.799,10/29/20
3649,109 ST ESSO CL ,AB,DIESEL 2 ULSD (LED),.555,.04,.2105,.8055,.04028,0,.84578,10/29/20
3649,109 ST ESSO CL ,AB,ETHANOL UNLEADED REGULAR (86 OR 87 OCTANE),.498,.1,.1963,.7943,.03972,0,.83402,10/29/20
3672,BOYLE ESSO CL  ,AB,DIESEL #2 ULTRA-LOW SULFUR - DYED (NON-TAXABLE),.533,.04,.1205,.6935,.03468,0,.72818,10/29/20
3672,BOYLE ESSO CL  ,AB,DIESEL 2 ULSD (LED),.533,.04,.2105,.7835,.03918,0,.82268,10/29/20
3672,BOYLE ESSO CL  ,AB,DIESEL EXHAUST FLUID PUMP,.7619,,0,.7619,.0381,0,.8,10/29/20
3672,BOYLE ESSO CL  ,AB,ETHANOL UNLEADED MID GRADE (88 OR 89 OCTANE),.5131,.1,.1963,.8094,.04047,0,.84987,10/29/20
3672,BOYLE ESSO CL  ,AB,ETHANOL UNLEADED REGULAR (86 OR 87 OCTANE),.4731,.1,.1963,.7694,.03847,0,.80787,10/29/20
3672,BOYLE ESSO CL  ,AB,UNLEADED REG W/ETHANOL 86/87 DYED (NON TAX),.4731,.1,.1063,.6794,.03397,0,.71337,10/29/20
3672,BOYLE ESSO CL  ,AB,UNLEADED PREMIUM (90 OR 91 OCTANE),.5831,.1,.1963,.8794,.04397,0,.92337,10/29/20
3700,PROSVITA PORTAB,AB,DIESEL 2 ULSD (LED),.533,.04,.2105,.7835,.03918,0,.82268,10/29/20
3700,PROSVITA PORTAB,AB,DIESEL #2 ULTRA-LOW SULFUR - DYED (NON-TAXABLE),.533,.04,.1205,.6935,.03468,0,.72818,10/29/20
3700,PROSVITA PORTAB,AB,DIESEL EXHAUST FLUID PUMP,.76095,,0,.76095,.03805,0,.799,10/29/20
3700,PROSVITA PORTAB,AB,UNLEADED REG W/ETHANOL 86/87 DYED (NON TAX),.4731,.1,.1063,.6794,.03397,0,.71337,10/29/20
3700,PROSVITA PORTAB,AB,ETHANOL UNLEADED REGULAR (86 OR 87 OCTANE),.4731,.1,.1963,.7694,.03847,0,.80787,10/29/20
3980,HINTON HUSKY TC,AB,ETHANOL UNLEADED MID GRADE (88 OR 89 OCTANE),.51544,.1,.1963,.81174,.04059,0,.85233,10/29/20
3980,HINTON HUSKY TC,AB,UNLEADED PREMIUM (90 OR 91 OCTANE),.58544,.1,.1963,.88174,.04409,0,.92583,10/29/20
3980,HINTON HUSKY TC,AB,DIESEL 2 ULSD (LED),.53558,.04,.2105,.78608,.0393,0,.82538,10/29/20
3980,HINTON HUSKY TC,AB,ETHANOL UNLEADED REGULAR (86 OR 87 OCTANE),.47544,.1,.1963,.77174,.03859,0,.81033,10/29/20
4002,EDSON BP       ,AB,ETHANOL UNLEADED MID GRADE (88 OR 89 OCTANE),.513,.1,.1963,.8093,.04047,0,.84977,10/29/20
4002,EDSON BP       ,AB,UNLEADED REG W/ETHANOL 86/87 DYED (NON TAX),.473,.1,.1063,.6793,.03397,0,.71327,10/29/20
4002,EDSON BP       ,AB,ETHANOL UNLEADED REGULAR (86 OR 87 OCTANE),.473,.1,.1963,.7693,.03847,0,.80777,10/29/20
4002,EDSON BP       ,AB,DIESEL #2 ULTRA-LOW SULFUR - DYED (NON-TAXABLE),.53453,.04,.1205,.69503,.03475,0,.72978,10/29/20
4002,EDSON BP       ,AB,DIESEL 2 ULSD (LED),.53453,.04,.2105,.78503,.03925,0,.82428,10/29/20
4002,EDSON BP       ,AB,UNLEADED REGULAR (86 OR 87 OCTANE),.473,.1,.1963,.7693,.03847,0,.80777,10/29/20
4002,EDSON BP       ,AB,UNLEADED MID GRADE (88 OR 89 OCTANE),.513,.1,.1963,.8093,.04047,0,.84977,10/29/20
4002,EDSON BP       ,AB,UNLEADED PREMIUM (90 OR 91 OCTANE),.583,.1,.1963,.8793,.04397,0,.92327,10/29/20
4193,EASTLAKE INDUST,AB,DIESEL #2 ULTRA-LOW SULFUR - DYED (NON-TAXABLE),.54613,.04,.1205,.70663,.03533,0,.74196,10/29/20
4193,EASTLAKE INDUST,AB,DIESEL 2 ULSD (LED),.54613,.04,.2105,.79663,.03983,0,.83646,10/29/20
4193,EASTLAKE INDUST,AB,UNLEADED REGULAR (86 OR 87 OCTANE),.48064,.1,.1963,.77694,.03885,0,.81579,10/29/20
4193,EASTLAKE INDUST,AB,UNLEADED MID GRADE (88 OR 89 OCTANE),.52064,.1,.1963,.81694,.04085,0,.85779,10/29/20
4193,EASTLAKE INDUST,AB,UNLEADED PREMIUM (90 OR 91 OCTANE),.59064,.1,.1963,.88694,.04435,0,.93129,10/29/20
4193,EASTLAKE INDUST,AB,DIESEL EXHAUST FLUID PUMP,.76095,,0,.76095,.03805,0,.799,10/29/20
4222,CALGARY WRANGLE,AB,UNLEADED REGULAR (86 OR 87 OCTANE),.482,.1,.1963,.7783,.03892,0,.81722,10/29/20
4222,CALGARY WRANGLE,AB,DIESEL 2 ULSD (LED),.547,.04,.2105,.7975,.03988,0,.83738,10/29/20
4222,CALGARY WRANGLE,AB,DIESEL #2 ULTRA-LOW SULFUR - DYED (NON-TAXABLE),.547,.04,.1205,.7075,.03538,0,.74288,10/29/20
4222,CALGARY WRANGLE,AB,DIESEL EXHAUST FLUID PUMP,.76095,,0,.76095,.03805,0,.799,10/29/20
4223,CALGARY WRANGLE,AB,DIESEL #2 ULTRA-LOW SULFUR - DYED (NON-TAXABLE),.547,.04,.1205,.7075,.03538,0,.74288,10/29/20
4223,CALGARY WRANGLE,AB,DIESEL 2 ULSD (LED),.547,.04,.2105,.7975,.03988,0,.83738,10/29/20
4303,MERIDIAN HUSKY ,AB,DIESEL 2 ULSD (LED),.547,.04,.2105,.7975,.03988,0,.83738,10/29/20
4303,MERIDIAN HUSKY ,AB,DIESEL #2 ULTRA-LOW SULFUR - DYED (NON-TAXABLE),.547,.04,.1205,.7075,.03538,0,.74288,10/29/20
4303,MERIDIAN HUSKY ,AB,UNLEADED REGULAR (86 OR 87 OCTANE),.48142,.1,.1963,.77772,.03889,0,.81661,10/29/20
4303,MERIDIAN HUSKY ,AB,UNLEADED PREMIUM (90 OR 91 OCTANE),.59142,.1,.1963,.88772,.04439,0,.93211,10/29/20
4303,MERIDIAN HUSKY ,AB,UNLEADED MID GRADE (88 OR 89 OCTANE),.52142,.1,.1963,.81772,.04089,0,.85861,10/29/20
4304,CALGARY 52 ST C,AB,UNLEADED REGULAR (86 OR 87 OCTANE),.482,.1,.1963,.7783,.03892,0,.81722,10/29/20
4304,CALGARY 52 ST C,AB,UNLEADED PREMIUM (90 OR 91 OCTANE),.592,.1,.1963,.8883,.04442,0,.93272,10/29/20
4304,CALGARY 52 ST C,AB,UNLEADED MID GRADE (88 OR 89 OCTANE),.522,.1,.1963,.8183,.04092,0,.85922,10/29/20
4304,CALGARY 52 ST C,AB,DIESEL 2 ULSD (LED),.547,.04,.2105,.7975,.03988,0,.83738,10/29/20
4304,CALGARY 52 ST C,AB,UNLEADED PREMIUM 90/91 DYED (NON TAX),.592,.1,.1063,.7983,.03992,0,.83822,10/29/20
4304,CALGARY 52 ST C,AB,DIESEL #2 ULTRA-LOW SULFUR - DYED (NON-TAXABLE),.547,.04,.1205,.7075,.03538,0,.74288,10/29/20
4304,CALGARY 52 ST C,AB,DIESEL EXHAUST FLUID PUMP,.76095,,0,.76095,.03805,0,.799,10/29/20
4304,CALGARY 52 ST C,AB,UNLEADED REG W/ETHANOL 86/87 DYED (NON TAX),.482,.1,.1063,.6883,.03442,0,.72272,10/29/20
4791,LLOYDMINSTER CL,AB,DIESEL #2 ULTRA-LOW SULFUR - DYED (NON-TAXABLE),.5295,.04,.1205,.69,.0345,0,.7245,10/29/20
4791,LLOYDMINSTER CL,AB,ETHANOL UNLEADED REGULAR (86 OR 87 OCTANE),.46951,.1,.1963,.76581,.03829,0,.8041,10/29/20
4791,LLOYDMINSTER CL,AB,UNLEADED REG W/ETHANOL 86/87 DYED (NON TAX),.46951,.1,.1063,.67581,.03379,0,.7096,10/29/20
4791,LLOYDMINSTER CL,AB,ETHANOL UNLEADED MID GRADE (88 OR 89 OCTANE),.50951,.1,.1963,.80581,.04029,0,.8461,10/29/20
4791,LLOYDMINSTER CL,AB,DIESEL EXHAUST FLUID PUMP,.76095,,0,.76095,.03805,0,.799,10/29/20
4791,LLOYDMINSTER CL,AB,UNLEADED PREMIUM (90 OR 91 OCTANE),.57951,.1,.1963,.87581,.04379,0,.9196,10/29/20
4791,LLOYDMINSTER CL,AB,DIESEL 2 ULSD (LED),.5295,.04,.2105,.78,.039,0,.819,10/29/20
4791,LLOYDMINSTER CL,AB,UNLEADED PREMIUM 90/91 DYED (NON TAX),.57951,.1,.1063,.78581,.03929,0,.8251,10/29/20
4794,LLOYDMINSTER HU,AB,UNLEADED PREMIUM (90 OR 91 OCTANE),.57712,.1,.1963,.87342,.04367,0,.91709,10/29/20
4794,LLOYDMINSTER HU,AB,DIESEL 2 ULSD (LED),.52636,.04,.2105,.77686,.03884,0,.8157,10/29/20
4794,LLOYDMINSTER HU,AB,ETHANOL UNLEADED REGULAR (86 OR 87 OCTANE),.46712,.1,.1963,.76342,.03817,0,.80159,10/29/20
4794,LLOYDMINSTER HU,AB,DIESEL EXHAUST FLUID PUMP,.76095,,0,.76095,.03805,0,.799,10/29/20
4794,LLOYDMINSTER HU,AB,ETHANOL UNLEADED MID GRADE (88 OR 89 OCTANE),.50712,.1,.1963,.80342,.04017,0,.84359,10/29/20
5032,NISKU HUSKY TS ,AB,ETHANOL UNLEADED REGULAR (86 OR 87 OCTANE),.45943,.1,.1963,.75573,.03779,0,.79352,10/29/20
5032,NISKU HUSKY TS ,AB,UNLEADED PREMIUM (90 OR 91 OCTANE),.56943,.1,.1963,.86573,.04329,0,.90902,10/29/20
5032,NISKU HUSKY TS ,AB,DIESEL 2 ULSD (LED),.51747,.04,.2105,.76797,.0384,0,.80637,10/29/20
5032,NISKU HUSKY TS ,AB,ETHANOL UNLEADED MID GRADE (88 OR 89 OCTANE),.49943,.1,.1963,.79573,.03979,0,.83552,10/29/20
5032,NISKU HUSKY TS ,AB,DIESEL EXHAUST FLUID PUMP,.76095,,0,.76095,.03805,0,.799,10/29/20
5051,W EDMONTON INDU,AB,ETHANOL UNLEADED REGULAR (86 OR 87 OCTANE),.45836,.1,.1963,.75466,.03773,0,.79239,10/29/20
5051,W EDMONTON INDU,AB,ETHANOL UNLEADED MID GRADE (88 OR 89 OCTANE),.49836,.1,.1963,.79466,.03973,0,.83439,10/29/20
5051,W EDMONTON INDU,AB,UNLEADED PREMIUM (90 OR 91 OCTANE),.56836,.1,.1963,.86466,.04323,0,.90789,10/29/20
5051,W EDMONTON INDU,AB,DIESEL 2 ULSD (LED),.51622,.04,.2105,.76672,.03834,0,.80506,10/29/20
5200,RED DEER BP L&R,AB,DIESEL #2 ULTRA-LOW SULFUR - DYED (NON-TAXABLE),.529,.04,.1205,.6895,.03448,0,.72398,10/29/20
5200,RED DEER BP L&R,AB,DIESEL 2 ULSD (LED),.529,.04,.2105,.7795,.03898,0,.81848,10/29/20
5200,RED DEER BP L&R,AB,ETHANOL UNLEADED PREMIUM (90 OR 91 OCTANE),.582,.1,.1963,.8783,.04392,0,.92222,10/29/20
5200,RED DEER BP L&R,AB,UNLEADED PREMIUM (90 OR 91 OCTANE),.582,.1,.1963,.8783,.04392,0,.92222,10/29/20
5200,RED DEER BP L&R,AB,ETHANOL UNLEADED REGULAR (86 OR 87 OCTANE),.472,.1,.1963,.7683,.03842,0,.80672,10/29/20
5200,RED DEER BP L&R,AB,ETHANOL UNLEADED MID GRADE (88 OR 89 OCTANE),.512,.1,.1963,.8083,.04042,0,.84872,10/29/20
5200,RED DEER BP L&R,AB,UNLEADED REG W/ETHANOL 86/87 DYED (NON TAX),.472,.1,.1063,.6783,.03392,0,.71222,10/29/20
5204,BLACKFALDS CL  ,AB,DIESEL 2 ULSD (LED),.529,.04,.2105,.7795,.03898,0,.81848,10/29/20
5204,BLACKFALDS CL  ,AB,ETHANOL UNLEADED REGULAR (86 OR 87 OCTANE),.472,.1,.1963,.7683,.03842,0,.80672,10/29/20
5229,MED HAT HUSKY T,AB,UNLEADED REGULAR (86 OR 87 OCTANE),.49591,.1,.1963,.79221,.03961,0,.83182,10/29/20
5229,MED HAT HUSKY T,AB,UNLEADED PREMIUM (90 OR 91 OCTANE),.60591,.1,.1963,.90221,.04511,0,.94732,10/29/20
5229,MED HAT HUSKY T,AB,UNLEADED MID GRADE (88 OR 89 OCTANE),.53591,.1,.1963,.83221,.04161,0,.87382,10/29/20
5229,MED HAT HUSKY T,AB,DIESEL 2 ULSD (LED),.564,.04,.2105,.8145,.04073,0,.85523,10/29/20
5299,LETHBRIDGE CL  ,AB,DIESEL 2 ULSD (LED),.562,.04,.2105,.8125,.04063,0,.85313,10/29/20
5299,LETHBRIDGE CL  ,AB,DIESEL #2 ULTRA-LOW SULFUR - DYED (NON-TAXABLE),.562,.04,.1205,.7225,.03613,0,.75863,10/29/20
5299,LETHBRIDGE CL  ,AB,UNLEADED REGULAR (86 OR 87 OCTANE),.497,.1,.1963,.7933,.03967,0,.83297,10/29/20
6711,RAINBOW LAKE CL,AB,ETHANOL UNLEADED MID GRADE (88 OR 89 OCTANE),.584,.1,.1963,.8803,.04402,0,.92432,10/29/20
6711,RAINBOW LAKE CL,AB,UNLEADED REG W/ETHANOL 86/87 DYED (NON TAX),.544,.1,.1063,.7503,.03752,0,.78782,10/29/20
6711,RAINBOW LAKE CL,AB,DIESEL #2 ULTRA-LOW SULFUR - DYED (NON-TAXABLE),.601,.04,.1205,.7615,.03808,0,.79958,10/29/20
6711,RAINBOW LAKE CL,AB,DIESEL 2 ULSD (LED),.601,.04,.2105,.8515,.04258,0,.89408,10/29/20
6711,RAINBOW LAKE CL,AB,UNLEADED PREMIUM (90 OR 91 OCTANE),.654,.1,.1963,.9503,.04752,0,.99782,10/29/20
6711,RAINBOW LAKE CL,AB,ETHANOL UNLEADED REGULAR (86 OR 87 OCTANE),.544,.1,.1963,.8403,.04202,0,.88232,10/29/20
734,EDMONTON SE    ,AB,DIESEL EXHAUST FLUID PUMP,.76095,,0,.76095,.03805,0,.799,10/29/20
734,EDMONTON SE    ,AB,UNLEADED REGULAR (86 OR 87 OCTANE),.456,.1,.1963,.7523,.03762,0,.78992,10/29/20
734,EDMONTON SE    ,AB,UNLEADED PREMIUM (90 OR 91 OCTANE),.566,.1,.1963,.8623,.04312,0,.90542,10/29/20
734,EDMONTON SE    ,AB,ETHANOL UNLEADED MID GRADE (88 OR 89 OCTANE),.496,.1,.1963,.7923,.03962,0,.83192,10/29/20
734,EDMONTON SE    ,AB,UNLEADED REG W/ETHANOL 86/87 DYED (NON TAX),.456,.1,.1063,.6623,.03312,0,.69542,10/29/20
734,EDMONTON SE    ,AB,ETHANOL UNLEADED REGULAR (86 OR 87 OCTANE),.456,.1,.1963,.7523,.03762,0,.78992,10/29/20
734,EDMONTON SE    ,AB,ETHANOL UNLEADED PREMIUM (90 OR 91 OCTANE),.566,.1,.1963,.8623,.04312,0,.90542,10/29/20
734,EDMONTON SE    ,AB,UNLEADED MID GRADE (88 OR 89 OCTANE),.496,.1,.1963,.7923,.03962,0,.83192,10/29/20
734,EDMONTON SE    ,AB,DIESEL 2 ULSD (LED),.513,.04,.2105,.7635,.03818,0,.80168,10/29/20
734,EDMONTON SE    ,AB,DIESEL #2 ULTRA-LOW SULFUR - DYED (NON-TAXABLE),.513,.04,.1205,.6735,.03368,0,.70718,10/29/20
7969,STRATHMORE HUSK,AB,DIESEL 2 ULSD (LED),.55278,.04,.2105,.80328,.04016,0,.84344,10/29/20
7969,STRATHMORE HUSK,AB,DIESEL EXHAUST FLUID PUMP,.76095,,0,.76095,.03805,0,.799,10/29/20
7969,STRATHMORE HUSK,AB,UNLEADED REGULAR (86 OR 87 OCTANE),.48624,.1,.1963,.78254,.03913,0,.82167,10/29/20
7969,STRATHMORE HUSK,AB,UNLEADED PREMIUM (90 OR 91 OCTANE),.59624,.1,.1963,.89254,.04463,0,.93717,10/29/20
7969,STRATHMORE HUSK,AB,UNLEADED MID GRADE (88 OR 89 OCTANE),.52624,.1,.1963,.82254,.04113,0,.86367,10/29/20
8842,VERMILLION CL  ,AB,UNLEADED REG W/ETHANOL 86/87 DYED (NON TAX),.46852,.1,.1063,.67482,.03374,0,.70856,10/29/20
8842,VERMILLION CL  ,AB,DIESEL #2 ULTRA-LOW SULFUR - DYED (NON-TAXABLE),.53227,.04,.1205,.69277,.03464,0,.72741,10/29/20
8842,VERMILLION CL  ,AB,ETHANOL UNLEADED REGULAR (86 OR 87 OCTANE),.46852,.1,.1963,.76482,.03824,0,.80306,10/29/20
8842,VERMILLION CL  ,AB,DIESEL 2 ULSD (LED),.53227,.04,.2105,.78277,.03914,0,.82191,10/29/20
9058,WHITECOURT CL  ,AB,UNLEADED PREMIUM (90 OR 91 OCTANE),.58129,.1,.1963,.87759,.04388,0,.92147,10/29/20
9058,WHITECOURT CL  ,AB,ETHANOL UNLEADED MID GRADE (88 OR 89 OCTANE),.51129,.1,.1963,.80759,.04038,0,.84797,10/29/20
9058,WHITECOURT CL  ,AB,ETHANOL UNLEADED REGULAR (86 OR 87 OCTANE),.47129,.1,.1963,.76759,.03838,0,.80597,10/29/20
9058,WHITECOURT CL  ,AB,DIESEL 2 ULSD (LED),.53153,.04,.2105,.78203,.0391,0,.82113,10/29/20
1125,CACHE CREEK HUS,BC,ETHANOL UNLEADED REGULAR (86 OR 87 OCTANE),.57535,.1,.2339,.90925,.04546,0,.95471,10/29/20
1125,CACHE CREEK HUS,BC,DIESEL #2 ULTRA-LOW SULFUR - DYED (NON-TAXABLE),.60406,.04,.1323,.77636,.03882,0,.81518,10/29/20
1125,CACHE CREEK HUS,BC,DIESEL 2 ULSD (LED),.60406,.04,.2523,.89636,.04482,0,.94118,10/29/20
1125,CACHE CREEK HUS,BC,UNLEADED PREMIUM (90 OR 91 OCTANE),.68535,.1,.2339,1.01925,.05096,0,1.07021,10/29/20
1125,CACHE CREEK HUS,BC,ETHANOL UNLEADED MID GRADE (88 OR 89 OCTANE),.61535,.1,.2339,.94925,.04746,0,.99671,10/29/20
1422,CHILLIWACK HUSK,BC,DIESEL EXHAUST FLUID PUMP,.71339,,0,.71339,.03567,.04994,.799,10/29/20
1422,CHILLIWACK HUSK,BC,ETHANOL UNLEADED MID GRADE (88 OR 89 OCTANE),.66105,.1,.2339,.99495,.04975,0,1.0447,10/29/20
1422,CHILLIWACK HUSK,BC,ETHANOL UNLEADED REGULAR (86 OR 87 OCTANE),.60605,.1,.2339,.93995,.047,0,.98695,10/29/20
1422,CHILLIWACK HUSK,BC,DIESEL #2 ULTRA-LOW SULFUR - DYED (NON-TAXABLE),.53673,.04,.1323,.70903,.03545,0,.74448,10/29/20
1422,CHILLIWACK HUSK,BC,UNLEADED PREMIUM (90 OR 91 OCTANE),.71605,.1,.2339,1.04995,.0525,0,1.10245,10/29/20
1422,CHILLIWACK HUSK,BC,DIESEL 2 ULSD (LED),.53673,.04,.2523,.82903,.04145,0,.87048,10/29/20
1712,CRANBROOK HUSKY,BC,UNLEADED MID GRADE (88 OR 89 OCTANE),.54538,.1,.2339,.87928,.04396,0,.92324,10/29/20
1712,CRANBROOK HUSKY,BC,UNLEADED PREMIUM (90 OR 91 OCTANE),.61538,.1,.2339,.94928,.04746,0,.99674,10/29/20
1712,CRANBROOK HUSKY,BC,UNLEADED REGULAR (86 OR 87 OCTANE),.50538,.1,.2339,.83928,.04196,0,.88124,10/29/20
1712,CRANBROOK HUSKY,BC,DIESEL 2 ULSD (LED),.57499,.04,.2523,.86729,.04336,0,.91065,10/29/20
2203,PRINCETON HUSKY,BC,UNLEADED PREMIUM (90 OR 91 OCTANE),.69233,.1,.2339,1.02623,.05131,0,1.07754,10/29/20
2203,PRINCETON HUSKY,BC,DIESEL 2 ULSD (LED),.61229,.04,.2523,.90459,.04523,0,.94982,10/29/20
2203,PRINCETON HUSKY,BC,DIESEL #2 ULTRA-LOW SULFUR - DYED (NON-TAXABLE),.61229,.04,.1323,.78459,.03923,0,.82382,10/29/20
2203,PRINCETON HUSKY,BC,ETHANOL UNLEADED REGULAR (86 OR 87 OCTANE),.58233,.1,.2339,.91623,.04581,0,.96204,10/29/20
2203,PRINCETON HUSKY,BC,ETHANOL UNLEADED MID GRADE (88 OR 89 OCTANE),.62233,.1,.2339,.95623,.04781,0,1.00404,10/29/20
2335,SILVERCREEK TRA,BC,DIESEL EXHAUST FLUID PUMP,.71429,,0,.71429,.03571,.05,.8,10/29/20
2335,SILVERCREEK TRA,BC,ETHANOL UNLEADED MID GRADE (88 OR 89 OCTANE),.66315,.1,.2339,.99705,.04985,0,1.0469,10/29/20
2335,SILVERCREEK TRA,BC,ETHANOL UNLEADED REGULAR (86 OR 87 OCTANE),.60815,.1,.2339,.94205,.0471,0,.98915,10/29/20
2335,SILVERCREEK TRA,BC,UNLEADED PREMIUM (90 OR 91 OCTANE),.71815,.1,.2339,1.05205,.0526,0,1.10465,10/29/20
2335,SILVERCREEK TRA,BC,DIESEL 2 ULSD (LED),.53912,.04,.2523,.83142,.04157,0,.87299,10/29/20
2709,150 MILE HOUSE ,BC,ETHANOL UNLEADED MID GRADE (88 OR 89 OCTANE),-.02064,.1,.2339,.31326,.01566,0,.32892,10/29/20
2709,150 MILE HOUSE ,BC,DIESEL #2 ULTRA-LOW SULFUR - DYED (NON-TAXABLE),.6348,.04,.1323,.8071,.04036,0,.84746,10/29/20
2709,150 MILE HOUSE ,BC,UNLEADED PREMIUM 90/91 DYED (NON TAX),.68836,.1,.1189,.90726,.04536,0,.95262,10/29/20
2709,150 MILE HOUSE ,BC,DIESEL 2 ULSD (LED),.6348,.04,.2523,.9271,.04636,0,.97346,10/29/20
2709,150 MILE HOUSE ,BC,UNLEADED PREMIUM (90 OR 91 OCTANE),.68836,.1,.2339,1.02226,.05111,0,1.07337,10/29/20
2709,150 MILE HOUSE ,BC,ETHANOL UNLEADED REGULAR (86 OR 87 OCTANE),.57836,.1,.2339,.91226,.04561,0,.95787,10/29/20
3055,FT ST. JOHN CL ,BC,DIESEL #2 ULTRA-LOW SULFUR - DYED (NON-TAXABLE),.6372,.04,.1323,.8095,.04048,0,.84998,10/29/20
3055,FT ST. JOHN CL ,BC,DIESEL 2 ULSD (LED),.6372,.04,.2523,.9295,.04648,0,.97598,10/29/20
3055,FT ST. JOHN CL ,BC,ETHANOL UNLEADED REGULAR (86 OR 87 OCTANE),.579,.1,.2339,.9129,.04565,0,.95855,10/29/20
3055,FT ST. JOHN CL ,BC,DIESEL EXHAUST FLUID PUMP,.88393,,0,.88393,.0442,.06187,.99,10/29/20
3146,FT NELSON BP   ,BC,DIESEL #2 ULTRA-LOW SULFUR - DYED (NON-TAXABLE),.58329,.04,.1323,.75559,.03778,0,.79337,10/29/20
3146,FT NELSON BP   ,BC,DIESEL 2 ULSD (LED),.58329,.04,.2523,.87559,.04378,0,.91937,10/29/20
3146,FT NELSON BP   ,BC,UNLEADED PREMIUM (90 OR 91 OCTANE),.679,.1,.2339,1.0129,.05065,0,1.06355,10/29/20
3146,FT NELSON BP   ,BC,ETHANOL UNLEADED REGULAR (86 OR 87 OCTANE),.569,.1,.2339,.9029,.04515,0,.94805,10/29/20
3146,FT NELSON BP   ,BC,ETHANOL UNLEADED MID GRADE (88 OR 89 OCTANE),.609,.1,.2339,.9429,.04715,0,.99005,10/29/20
3152,FT ST. JOHN BP ,BC,UNLEADED PREMIUM (90 OR 91 OCTANE),.689,.1,.2339,1.0229,.05115,0,1.07405,10/29/20
3152,FT ST. JOHN BP ,BC,DIESEL EXHAUST FLUID PUMP,.88393,,0,.88393,.0442,.06187,.99,10/29/20
3152,FT ST. JOHN BP ,BC,ETHANOL UNLEADED MID GRADE (88 OR 89 OCTANE),-.02,.1,.2339,.3139,.0157,0,.3296,10/29/20
3152,FT ST. JOHN BP ,BC,UNLEADED REG W/ETHANOL 86/87 DYED (NON TAX),.579,.1,.1189,.7979,.0399,0,.8378,10/29/20
3152,FT ST. JOHN BP ,BC,ETHANOL UNLEADED REGULAR (86 OR 87 OCTANE),.579,.1,.2339,.9129,.04565,0,.95855,10/29/20
3152,FT ST. JOHN BP ,BC,DIESEL #2 ULTRA-LOW SULFUR - DYED (NON-TAXABLE),.6372,.04,.1323,.8095,.04048,0,.84998,10/29/20
3152,FT ST. JOHN BP ,BC,UNLEADED PREMIUM 90/91 DYED (NON TAX),.689,.1,.1189,.9079,.0454,0,.9533,10/29/20
3152,FT ST. JOHN BP ,BC,DIESEL 2 ULSD (LED),.6372,.04,.2523,.9295,.04648,0,.97598,10/29/20
3155,FORT NELSON CL ,BC,DIESEL 2 ULSD (LED),.58445,.04,.2523,.87675,.04384,0,.92059,10/29/20
3155,FORT NELSON CL ,BC,UNLEADED PREMIUM 90/91 DYED (NON TAX),.67945,.1,.1189,.89835,.04492,0,.94327,10/29/20
3155,FORT NELSON CL ,BC,UNLEADED PREMIUM (90 OR 91 OCTANE),.67945,.1,.2339,1.01335,.05067,0,1.06402,10/29/20
3155,FORT NELSON CL ,BC,ETHANOL UNLEADED REGULAR (86 OR 87 OCTANE),.56945,.1,.2339,.90335,.04517,0,.94852,10/29/20
3155,FORT NELSON CL ,BC,DIESEL #2 ULTRA-LOW SULFUR - DYED (NON-TAXABLE),.58445,.04,.1323,.75675,.03784,0,.79459,10/29/20
3155,FORT NELSON CL ,BC,DIESEL EXHAUST FLUID PUMP,.71339,,0,.71339,.03567,.04994,.799,10/29/20
3155,FORT NELSON CL ,BC,ETHANOL UNLEADED MID GRADE (88 OR 89 OCTANE),.60945,.1,.2339,.94335,.04717,0,.99052,10/29/20
3388,GOLDEN HUSKY TC,BC,DIESEL #2 ULTRA-LOW SULFUR - DYED (NON-TAXABLE),.56277,.04,.1323,.73507,.03675,0,.77182,10/29/20
3388,GOLDEN HUSKY TC,BC,ETHANOL UNLEADED REGULAR (86 OR 87 OCTANE),.49783,.1,.2339,.83173,.04159,0,.87332,10/29/20
3388,GOLDEN HUSKY TC,BC,DIESEL 2 ULSD (LED),.56277,.04,.2523,.85507,.04275,0,.89782,10/29/20
3388,GOLDEN HUSKY TC,BC,UNLEADED PREMIUM (90 OR 91 OCTANE),.60783,.1,.2339,.94173,.04709,0,.98882,10/29/20
3388,GOLDEN HUSKY TC,BC,ETHANOL UNLEADED MID GRADE (88 OR 89 OCTANE),.53783,.1,.2339,.87173,.04359,0,.91532,10/29/20
3610,SOUTH FRASER ES,BC,ETHANOL UNLEADED REGULAR (86 OR 87 OCTANE),.60738,.1,.2339,.94128,.04706,0,.98834,10/29/20
3610,SOUTH FRASER ES,BC,DIESEL EXHAUST FLUID PUMP,.80268,,0,.80268,.04013,.05619,.899,10/29/20
3610,SOUTH FRASER ES,BC,DIESEL #2 ULTRA-LOW SULFUR - DYED (NON-TAXABLE),.53638,.04,.1323,.70868,.03543,0,.74411,10/29/20
3610,SOUTH FRASER ES,BC,DIESEL 2 ULSD (LED),.53638,.04,.2523,.82868,.04143,0,.87011,10/29/20
3611,THEATRE RD ESSO,BC,DIESEL EXHAUST FLUID PUMP,.71339,,0,.71339,.03567,.04994,.799,10/29/20
3611,THEATRE RD ESSO,BC,DIESEL 2 ULSD (LED),.6015,.04,.2523,.8938,.04469,0,.93849,10/29/20
3611,THEATRE RD ESSO,BC,DIESEL #2 ULTRA-LOW SULFUR - DYED (NON-TAXABLE),.6015,.04,.1323,.7738,.03869,0,.81249,10/29/20
3611,THEATRE RD ESSO,BC,ETHANOL UNLEADED REGULAR (86 OR 87 OCTANE),.5365,.1,.2339,.8704,.04352,0,.91392,10/29/20
3612,WEST TCH ESSO C,BC,DIESEL #2 ULTRA-LOW SULFUR - DYED (NON-TAXABLE),.602,.04,.1323,.7743,.03872,0,.81302,10/29/20
3612,WEST TCH ESSO C,BC,ETHANOL UNLEADED REGULAR (86 OR 87 OCTANE),.575,.1,.2339,.9089,.04545,0,.95435,10/29/20
3612,WEST TCH ESSO C,BC,DIESEL EXHAUST FLUID PUMP,.71339,,0,.71339,.03567,.04994,.799,10/29/20
3612,WEST TCH ESSO C,BC,DIESEL 2 ULSD (LED),.602,.04,.2523,.8943,.04472,0,.93902,10/29/20
3613,108 ST ESSO CL ,BC,DIESEL #2 ULTRA-LOW SULFUR - DYED (NON-TAXABLE),.5854,.04,.1323,.7577,.03789,0,.79559,10/29/20
3613,108 ST ESSO CL ,BC,DIESEL 2 ULSD (LED),.5854,.04,.2523,.8777,.04389,0,.92159,10/29/20
3613,108 ST ESSO CL ,BC,UNLEADED REGULAR (86 OR 87 OCTANE),.5272,.1,.2339,.8611,.04306,0,.90416,10/29/20
3614,GREAT ST ESSO C,BC,UNLEADED REG W/ETHANOL 86/87 DYED (NON TAX),.559,.1,.1189,.7779,.0389,0,.8168,10/29/20
3614,GREAT ST ESSO C,BC,DIESEL EXHAUST FLUID PUMP,.71339,,0,.71339,.03567,.04994,.799,10/29/20
3614,GREAT ST ESSO C,BC,DIESEL 2 ULSD (LED),.61,.04,.2523,.9023,.04512,0,.94742,10/29/20
3614,GREAT ST ESSO C,BC,DIESEL #2 ULTRA-LOW SULFUR - DYED (NON-TAXABLE),.61,.04,.1323,.7823,.03912,0,.82142,10/29/20
3614,GREAT ST ESSO C,BC,ETHANOL UNLEADED REGULAR (86 OR 87 OCTANE),.559,.1,.2339,.8929,.04465,0,.93755,10/29/20
3615,CLIFFE AVE ESSO,BC,UNLEADED REGULAR (86 OR 87 OCTANE),.6392,.1,.2339,.9731,.04866,0,1.02176,10/29/20
3615,CLIFFE AVE ESSO,BC,DIESEL 2 ULSD (LED),.5682,.04,.2523,.8605,.04303,0,.90353,10/29/20
3615,CLIFFE AVE ESSO,BC,DIESEL #2 ULTRA-LOW SULFUR - DYED (NON-TAXABLE),.5682,.04,.1323,.7405,.03703,0,.77753,10/29/20
3616,LUMBY ESSO CL  ,BC,DIESEL EXHAUST FLUID PUMP,.71339,,0,.71339,.03567,.04994,.799,10/29/20
3616,LUMBY ESSO CL  ,BC,ETHANOL UNLEADED REGULAR (86 OR 87 OCTANE),.596,.1,.2339,.9299,.0465,0,.9764,10/29/20
3616,LUMBY ESSO CL  ,BC,DIESEL #2 ULTRA-LOW SULFUR - DYED (NON-TAXABLE),.623,.04,.1323,.7953,.03977,0,.83507,10/29/20
3616,LUMBY ESSO CL  ,BC,DIESEL 2 ULSD (LED),.623,.04,.2523,.9153,.04577,0,.96107,10/29/20
3616,LUMBY ESSO CL  ,BC,UNLEADED PREMIUM 90/91 DYED (NON TAX),.706,.1,.1189,.9249,.04625,0,.97115,10/29/20
3617,LAUDER ESSO CL ,BC,DIESEL 2 ULSD (LED),.621,.04,.2523,.9133,.04567,0,.95897,10/29/20
3617,LAUDER ESSO CL ,BC,UNLEADED PREMIUM 90/91 DYED (NON TAX),.704,.1,.1189,.9229,.04615,0,.96905,10/29/20
3617,LAUDER ESSO CL ,BC,ETHANOL UNLEADED REGULAR (86 OR 87 OCTANE),.594,.1,.2339,.9279,.0464,0,.9743,10/29/20
3617,LAUDER ESSO CL ,BC,DIESEL EXHAUST FLUID PUMP,.71339,,0,.71339,.03567,.04994,.799,10/29/20
3617,LAUDER ESSO CL ,BC,DIESEL #2 ULTRA-LOW SULFUR - DYED (NON-TAXABLE),.621,.04,.1323,.7933,.03967,0,.83297,10/29/20
3618,SALMO ESSO CL  ,BC,DIESEL EXHAUST FLUID PUMP,.71339,,0,.71339,.03567,.04994,.799,10/29/20
3618,SALMO ESSO CL  ,BC,DIESEL #2 ULTRA-LOW SULFUR - DYED (NON-TAXABLE),.643,.04,.1323,.8153,.04077,0,.85607,10/29/20
3618,SALMO ESSO CL  ,BC,DIESEL 2 ULSD (LED),.643,.04,.2523,.9353,.04677,0,.98207,10/29/20
3618,SALMO ESSO CL  ,BC,ETHANOL UNLEADED REGULAR (86 OR 87 OCTANE),.616,.1,.2339,.9499,.0475,0,.9974,10/29/20
3619,LILLOOET ESSO C,BC,DIESEL 2 ULSD (LED),.625,.04,.2523,.9173,.04587,0,.96317,10/29/20
3619,LILLOOET ESSO C,BC,UNLEADED PREMIUM 90/91 DYED (NON TAX),.708,.1,.1189,.9269,.04635,0,.97325,10/29/20
3619,LILLOOET ESSO C,BC,DIESEL #2 ULTRA-LOW SULFUR - DYED (NON-TAXABLE),.625,.04,.1323,.7973,.03987,0,.83717,10/29/20
3619,LILLOOET ESSO C,BC,ETHANOL UNLEADED REGULAR (86 OR 87 OCTANE),.598,.1,.2339,.9319,.0466,0,.9785,10/29/20
3619,LILLOOET ESSO C,BC,DIESEL EXHAUST FLUID PUMP,.71339,,0,.71339,.03567,.04994,.799,10/29/20
3620,MAPLE STREET ES,BC,UNLEADED REGULAR (86 OR 87 OCTANE),.6434,.1,.2339,.9773,.04887,0,1.02617,10/29/20
3620,MAPLE STREET ES,BC,DIESEL #2 ULTRA-LOW SULFUR - DYED (NON-TAXABLE),.5724,.04,.1323,.7447,.03724,0,.78194,10/29/20
3620,MAPLE STREET ES,BC,DIESEL 2 ULSD (LED),.5724,.04,.2523,.8647,.04324,0,.90794,10/29/20
3621,JACKSON ESSO CL,BC,UNLEADED REGULAR (86 OR 87 OCTANE),.6329,.1,.2339,.9668,.04834,0,1.01514,10/29/20
3621,JACKSON ESSO CL,BC,DIESEL 2 ULSD (LED),.5619,.04,.2523,.8542,.04271,0,.89691,10/29/20
3621,JACKSON ESSO CL,BC,DIESEL #2 ULTRA-LOW SULFUR - DYED (NON-TAXABLE),.5619,.04,.1323,.7342,.03671,0,.77091,10/29/20
3622,TANNERY ESSO CL,BC,DIESEL 2 ULSD (LED),.54019,.04,.3773,.95749,.04787,0,1.00536,10/29/20
3622,TANNERY ESSO CL,BC,DIESEL #2 ULTRA-LOW SULFUR - DYED (NON-TAXABLE),.54019,.04,.1323,.71249,.03562,0,.74811,10/29/20
3622,TANNERY ESSO CL,BC,DIESEL EXHAUST FLUID PUMP,.80268,,0,.80268,.04013,.05619,.899,10/29/20
3623,BURTON ESSO CL ,BC,DIESEL EXHAUST FLUID PUMP,.71339,,0,.71339,.03567,.04994,.799,10/29/20
3623,BURTON ESSO CL ,BC,ETHANOL UNLEADED REGULAR (86 OR 87 OCTANE),.598,.1,.2339,.9319,.0466,0,.9785,10/29/20
3623,BURTON ESSO CL ,BC,DIESEL #2 ULTRA-LOW SULFUR - DYED (NON-TAXABLE),.625,.04,.1323,.7973,.03987,0,.83717,10/29/20
3623,BURTON ESSO CL ,BC,DIESEL 2 ULSD (LED),.625,.04,.2523,.9173,.04587,0,.96317,10/29/20
3623,BURTON ESSO CL ,BC,UNLEADED PREMIUM 90/91 DYED (NON TAX),.708,.1,.1189,.9269,.04635,0,.97325,10/29/20
3624,BARRIERE ESSO C,BC,DIESEL 2 ULSD (LED),.616,.04,.2523,.9083,.04542,0,.95372,10/29/20
3624,BARRIERE ESSO C,BC,DIESEL #2 ULTRA-LOW SULFUR - DYED (NON-TAXABLE),.616,.04,.1323,.7883,.03942,0,.82772,10/29/20
3626,CHIEF LOUIS ESS,BC,DIESEL EXHAUST FLUID PUMP,.71339,,0,.71339,.03567,.04994,.799,10/29/20
3626,CHIEF LOUIS ESS,BC,UNLEADED PREMIUM 90/91 DYED (NON TAX),.6883,.1,.1189,.9072,.04536,0,.95256,10/29/20
3626,CHIEF LOUIS ESS,BC,DIESEL #2 ULTRA-LOW SULFUR - DYED (NON-TAXABLE),.6053,.04,.1323,.7776,.03888,0,.81648,10/29/20
3626,CHIEF LOUIS ESS,BC,ETHANOL UNLEADED REGULAR (86 OR 87 OCTANE),.5783,.1,.2339,.9122,.04561,0,.95781,10/29/20
3626,CHIEF LOUIS ESS,BC,DIESEL 2 ULSD (LED),.6053,.04,.2523,.8976,.04488,0,.94248,10/29/20
3627,MINTO RD ESSO C,BC,ETHANOL UNLEADED REGULAR (86 OR 87 OCTANE),.613,.1,.2339,.9469,.04735,0,.99425,10/29/20
3627,MINTO RD ESSO C,BC,DIESEL EXHAUST FLUID PUMP,.71339,,0,.71339,.03567,.04994,.799,10/29/20
3627,MINTO RD ESSO C,BC,DIESEL 2 ULSD (LED),.64,.04,.2523,.9323,.04662,0,.97892,10/29/20
3627,MINTO RD ESSO C,BC,UNLEADED PREMIUM 90/91 DYED (NON TAX),.723,.1,.1189,.9419,.0471,0,.989,10/29/20
3627,MINTO RD ESSO C,BC,DIESEL #2 ULTRA-LOW SULFUR - DYED (NON-TAXABLE),.64,.04,.1323,.8123,.04062,0,.85292,10/29/20
3628,PORT KELLS ESSO,BC,DIESEL #2 ULTRA-LOW SULFUR - DYED (NON-TAXABLE),.53349,.04,.1323,.70579,.03529,0,.74108,10/29/20
3628,PORT KELLS ESSO,BC,DIESEL 2 ULSD (LED),.53349,.04,.3773,.95079,.04754,0,.99833,10/29/20
3629,HWY 5 ESSO CL  ,BC,DIESEL #2 ULTRA-LOW SULFUR - DYED (NON-TAXABLE),.6214,.04,.1323,.7937,.03969,0,.83339,10/29/20
3629,HWY 5 ESSO CL  ,BC,UNLEADED REG W/ETHANOL 86/87 DYED (NON TAX),.5944,.1,.1189,.8133,.04067,0,.85397,10/29/20
3629,HWY 5 ESSO CL  ,BC,ETHANOL UNLEADED REGULAR (86 OR 87 OCTANE),.5944,.1,.2339,.9283,.04642,0,.97472,10/29/20
3629,HWY 5 ESSO CL  ,BC,DIESEL 2 ULSD (LED),.6214,.04,.2523,.9137,.04569,0,.95939,10/29/20
3629,HWY 5 ESSO CL  ,BC,DIESEL EXHAUST FLUID PUMP,.71339,,0,.71339,.03567,.04994,.799,10/29/20
3630,DARCY ESSO CL  ,BC,DIESEL #2 ULTRA-LOW SULFUR - DYED (NON-TAXABLE),.5704,.04,.1323,.7427,.03714,0,.77984,10/29/20
3630,DARCY ESSO CL  ,BC,UNLEADED REGULAR (86 OR 87 OCTANE),.5122,.1,.2339,.8461,.04231,0,.88841,10/29/20
3630,DARCY ESSO CL  ,BC,DIESEL 2 ULSD (LED),.5704,.04,.2523,.8627,.04314,0,.90584,10/29/20
3630,DARCY ESSO CL  ,BC,UNLEADED REG W/ETHANOL 86/87 DYED (NON TAX),.5122,.1,.1189,.7311,.03656,0,.76766,10/29/20
3631,HENRY ENG ESSO ,BC,UNLEADED REGULAR (86 OR 87 OCTANE),.6344,.1,.2339,.9683,.04842,0,1.01672,10/29/20
3631,HENRY ENG ESSO ,BC,DIESEL 2 ULSD (LED),.5634,.04,.2523,.8557,.04279,0,.89849,10/29/20
3631,HENRY ENG ESSO ,BC,DIESEL #2 ULTRA-LOW SULFUR - DYED (NON-TAXABLE),.5634,.04,.1323,.7357,.03679,0,.77249,10/29/20
3632,55 AVE ESSO CL ,BC,DIESEL 2 ULSD (LED),.54129,.04,.3773,.95859,.04793,0,1.00652,10/29/20
3632,55 AVE ESSO CL ,BC,DIESEL #2 ULTRA-LOW SULFUR - DYED (NON-TAXABLE),.54129,.04,.1323,.71359,.03568,0,.74927,10/29/20
3632,55 AVE ESSO CL ,BC,DIESEL EXHAUST FLUID PUMP,.80268,,0,.80268,.04013,.05619,.899,10/29/20
3632,55 AVE ESSO CL ,BC,ETHANOL UNLEADED REGULAR (86 OR 87 OCTANE),.61229,.1,.3589,1.07119,.05356,0,1.12475,10/29/20
3633,ARMSTRONG ESSO ,BC,ETHANOL UNLEADED REGULAR (86 OR 87 OCTANE),.591,.1,.2339,.9249,.04625,0,.97115,10/29/20
3633,ARMSTRONG ESSO ,BC,UNLEADED PREMIUM (90 OR 91 OCTANE),.701,.1,.2339,1.0349,.05175,0,1.08665,10/29/20
3633,ARMSTRONG ESSO ,BC,DIESEL 2 ULSD (LED),.618,.04,.2523,.9103,.04552,0,.95582,10/29/20
3633,ARMSTRONG ESSO ,BC,UNLEADED PREMIUM 90/91 DYED (NON TAX),.701,.1,.1189,.9199,.046,0,.9659,10/29/20
3633,ARMSTRONG ESSO ,BC,DIESEL #2 ULTRA-LOW SULFUR - DYED (NON-TAXABLE),.618,.04,.1323,.7903,.03952,0,.82982,10/29/20
3633,ARMSTRONG ESSO ,BC,DIESEL EXHAUST FLUID PUMP,.71339,,0,.71339,.03567,.04994,.799,10/29/20
3633,ARMSTRONG ESSO ,BC,ETHANOL UNLEADED MID GRADE (88 OR 89 OCTANE),-.025,.1,.2339,.3089,.01545,0,.32435,10/29/20
3633,ARMSTRONG ESSO ,BC,UNLEADED REG W/ETHANOL 86/87 DYED (NON TAX),.591,.1,.1189,.8099,.0405,0,.8504,10/29/20
3634,OLIVER ESSO CL ,BC,DIESEL EXHAUST FLUID PUMP,.71339,,0,.71339,.03567,.04994,.799,10/29/20
3634,OLIVER ESSO CL ,BC,UNLEADED REG W/ETHANOL 86/87 DYED (NON TAX),.6035,.1,.1189,.8224,.04112,0,.86352,10/29/20
3634,OLIVER ESSO CL ,BC,DIESEL 2 ULSD (LED),.6305,.04,.2523,.9228,.04614,0,.96894,10/29/20
3634,OLIVER ESSO CL ,BC,DIESEL #2 ULTRA-LOW SULFUR - DYED (NON-TAXABLE),.6305,.04,.1323,.8028,.04014,0,.84294,10/29/20
3634,OLIVER ESSO CL ,BC,ETHANOL UNLEADED REGULAR (86 OR 87 OCTANE),.6035,.1,.2339,.9374,.04687,0,.98427,10/29/20
3635,115TH ST ESSO C,BC,UNLEADED PREMIUM (90 OR 91 OCTANE),.7135,.1,.2339,1.0474,.05237,0,1.09977,10/29/20
3635,115TH ST ESSO C,BC,DIESEL 2 ULSD (LED),.6305,.04,.2523,.9228,.04614,0,.96894,10/29/20
3635,115TH ST ESSO C,BC,UNLEADED PREMIUM 90/91 DYED (NON TAX),.7135,.1,.1189,.9324,.04662,0,.97902,10/29/20
3635,115TH ST ESSO C,BC,DIESEL #2 ULTRA-LOW SULFUR - DYED (NON-TAXABLE),.6305,.04,.1323,.8028,.04014,0,.84294,10/29/20
3635,115TH ST ESSO C,BC,ETHANOL UNLEADED REGULAR (86 OR 87 OCTANE),.6035,.1,.2339,.9374,.04687,0,.98427,10/29/20
3635,115TH ST ESSO C,BC,UNLEADED REG W/ETHANOL 86/87 DYED (NON TAX),.6035,.1,.1189,.8224,.04112,0,.86352,10/29/20
3635,115TH ST ESSO C,BC,ETHANOL UNLEADED MID GRADE (88 OR 89 OCTANE),-.0125,.1,.2339,.3214,.01607,0,.33747,10/29/20
3635,115TH ST ESSO C,BC,DIESEL EXHAUST FLUID PUMP,.71339,,0,.71339,.03567,.04994,.799,10/29/20
3636,CORNWALL ESSO C,BC,DIESEL 2 ULSD (LED),.612,.04,.2523,.9043,.04522,0,.94952,10/29/20
3636,CORNWALL ESSO C,BC,DIESEL #2 ULTRA-LOW SULFUR - DYED (NON-TAXABLE),.612,.04,.1323,.7843,.03922,0,.82352,10/29/20
3636,CORNWALL ESSO C,BC,DIESEL EXHAUST FLUID PUMP,.71339,,0,.71339,.03567,.04994,.799,10/29/20
3637,ADAMS COURT ESS,BC,DIESEL #2 ULTRA-LOW SULFUR - DYED (NON-TAXABLE),.619,.04,.1323,.7913,.03957,0,.83087,10/29/20
3637,ADAMS COURT ESS,BC,ETHANOL UNLEADED REGULAR (86 OR 87 OCTANE),.592,.1,.2339,.9259,.0463,0,.9722,10/29/20
3637,ADAMS COURT ESS,BC,DIESEL EXHAUST FLUID PUMP,.71339,,0,.71339,.03567,.04994,.799,10/29/20
3637,ADAMS COURT ESS,BC,UNLEADED PREMIUM 90/91 DYED (NON TAX),.702,.1,.1189,.9209,.04605,0,.96695,10/29/20
3637,ADAMS COURT ESS,BC,DIESEL 2 ULSD (LED),.619,.04,.2523,.9113,.04557,0,.95687,10/29/20
3638,WILLIAMS LAKE E,BC,DIESEL 2 ULSD (LED),.6295,.04,.2523,.9218,.04609,0,.96789,10/29/20
3638,WILLIAMS LAKE E,BC,DIESEL #2 ULTRA-LOW SULFUR - DYED (NON-TAXABLE),.6295,.04,.1323,.8018,.04009,0,.84189,10/29/20
3638,WILLIAMS LAKE E,BC,UNLEADED REG W/ETHANOL 86/87 DYED (NON TAX),.5785,.1,.1189,.7974,.03987,0,.83727,10/29/20
3638,WILLIAMS LAKE E,BC,DIESEL EXHAUST FLUID PUMP,.71339,,0,.71339,.03567,.04994,.799,10/29/20
3638,WILLIAMS LAKE E,BC,ETHANOL UNLEADED REGULAR (86 OR 87 OCTANE),.5785,.1,.2339,.9124,.04562,0,.95802,10/29/20
3640,DOUGLAS FIR ESS,BC,DIESEL 2 ULSD (LED),.5778,.04,.2523,.8701,.04351,0,.91361,10/29/20
3640,DOUGLAS FIR ESS,BC,UNLEADED PREMIUM 90/91 DYED (NON TAX),.6228,.1,.1189,.8417,.04209,0,.88379,10/29/20
3640,DOUGLAS FIR ESS,BC,ETHANOL UNLEADED REGULAR (86 OR 87 OCTANE),.5128,.1,.2339,.8467,.04234,0,.88904,10/29/20
3640,DOUGLAS FIR ESS,BC,DIESEL #2 ULTRA-LOW SULFUR - DYED (NON-TAXABLE),.5778,.04,.1323,.7501,.03751,0,.78761,10/29/20
3640,DOUGLAS FIR ESS,BC,DIESEL EXHAUST FLUID PUMP,.71339,,0,.71339,.03567,.04994,.799,10/29/20
4000,HOPE HUSKY CL  ,BC,DIESEL EXHAUST FLUID PUMP,.71339,,0,.71339,.03567,.04994,.799,10/29/20
4000,HOPE HUSKY CL  ,BC,ETHANOL UNLEADED REGULAR (86 OR 87 OCTANE),.60815,.1,.2339,.94205,.0471,0,.98915,10/29/20
4000,HOPE HUSKY CL  ,BC,DIESEL 2 ULSD (LED),.53912,.04,.2523,.83142,.04157,0,.87299,10/29/20
4348,KAMLOOPS       ,BC,DIESEL #2 ULTRA-LOW SULFUR - DYED (NON-TAXABLE),.59817,.04,.1323,.77047,.03852,0,.80899,10/29/20
4348,KAMLOOPS       ,BC,DIESEL EXHAUST FLUID PUMP,.71339,,0,.71339,.03567,.04994,.799,10/29/20
4348,KAMLOOPS       ,BC,ETHANOL UNLEADED MID GRADE (88 OR 89 OCTANE),.61043,.1,.2339,.94433,.04722,0,.99155,10/29/20
4348,KAMLOOPS       ,BC,ETHANOL UNLEADED REGULAR (86 OR 87 OCTANE),.57043,.1,.2339,.90433,.04522,0,.94955,10/29/20
4348,KAMLOOPS       ,BC,DIESEL 2 ULSD (LED),.59817,.04,.2523,.89047,.04452,0,.93499,10/29/20
4348,KAMLOOPS       ,BC,UNLEADED PREMIUM (90 OR 91 OCTANE),.68043,.1,.2339,1.01433,.05072,0,1.06505,10/29/20
5168,MERRIT HUSKY TC,BC,ETHANOL UNLEADED REGULAR (86 OR 87 OCTANE),.51955,.1,.2339,.85345,.04267,0,.89612,10/29/20
5168,MERRIT HUSKY TC,BC,DIESEL 2 ULSD (LED),.60592,.04,.2523,.89822,.04491,0,.94313,10/29/20
5168,MERRIT HUSKY TC,BC,UNLEADED PREMIUM (90 OR 91 OCTANE),.62955,.1,.2339,.96345,.04817,0,1.01162,10/29/20
5168,MERRIT HUSKY TC,BC,ETHANOL UNLEADED MID GRADE (88 OR 89 OCTANE),.01655,.1,.2339,.35045,.01752,0,.36797,10/29/20
5178,MCBRIDE HUSKY C,BC,DIESEL #2 ULTRA-LOW SULFUR - DYED (NON-TAXABLE),.61787,.04,.1323,.79017,.03951,0,.82968,10/29/20
5178,MCBRIDE HUSKY C,BC,UNLEADED PREMIUM (90 OR 91 OCTANE),.67467,.1,.2339,1.00857,.05043,0,1.059,10/29/20
5178,MCBRIDE HUSKY C,BC,DIESEL 2 ULSD (LED),.61787,.04,.2523,.91017,.04551,0,.95568,10/29/20
5178,MCBRIDE HUSKY C,BC,UNLEADED PREMIUM 90/91 DYED (NON TAX),.67467,.1,.1189,.89357,.04468,0,.93825,10/29/20
5178,MCBRIDE HUSKY C,BC,ETHANOL UNLEADED REGULAR (86 OR 87 OCTANE),.56467,.1,.2339,.89857,.04493,0,.9435,10/29/20
5178,MCBRIDE HUSKY C,BC,ETHANOL UNLEADED MID GRADE (88 OR 89 OCTANE),-.03433,.1,.2339,.29957,.01498,0,.31455,10/29/20
570,BLUE RIVER HUSK,BC,ETHANOL UNLEADED MID GRADE (88 OR 89 OCTANE),.62442,.1,.2339,.95832,.04792,0,1.00624,10/29/20
570,BLUE RIVER HUSK,BC,DIESEL #2 ULTRA-LOW SULFUR - DYED (NON-TAXABLE),.6419,.04,.1323,.8142,.04071,0,.85491,10/29/20
570,BLUE RIVER HUSK,BC,DIESEL 2 ULSD (LED),.6419,.04,.2523,.9342,.04671,0,.98091,10/29/20
570,BLUE RIVER HUSK,BC,ETHANOL UNLEADED REGULAR (86 OR 87 OCTANE),.58442,.1,.2339,.91832,.04592,0,.96424,10/29/20
570,BLUE RIVER HUSK,BC,UNLEADED PREMIUM (90 OR 91 OCTANE),.69442,.1,.2339,1.02832,.05142,0,1.07974,10/29/20
6503,HART HWY HUSKY ,BC,UNLEADED PREMIUM (90 OR 91 OCTANE),.66741,.1,.2339,1.00131,.05007,0,1.05138,10/29/20
6503,HART HWY HUSKY ,BC,UNLEADED PREMIUM 90/91 DYED (NON TAX),.66741,.1,.1189,.88631,.04432,0,.93063,10/29/20
6503,HART HWY HUSKY ,BC,DIESEL 2 ULSD (LED),.60963,.04,.2523,.90193,.0451,0,.94703,10/29/20
6503,HART HWY HUSKY ,BC,DIESEL #2 ULTRA-LOW SULFUR - DYED (NON-TAXABLE),.60963,.04,.1323,.78193,.0391,0,.82103,10/29/20
6503,HART HWY HUSKY ,BC,ETHANOL UNLEADED REGULAR (86 OR 87 OCTANE),.55741,.1,.2339,.89131,.04457,0,.93588,10/29/20
6503,HART HWY HUSKY ,BC,ETHANOL UNLEADED MID GRADE (88 OR 89 OCTANE),.59741,.1,.2339,.93131,.04657,0,.97788,10/29/20
6519,PRINCE GEORGE H,BC,DIESEL 2 ULSD (LED),.60737,.04,.2523,.89967,.04498,0,.94465,10/29/20
6519,PRINCE GEORGE H,BC,UNLEADED PREMIUM (90 OR 91 OCTANE),.66547,.1,.2339,.99937,.04997,0,1.04934,10/29/20
6519,PRINCE GEORGE H,BC,DIESEL #2 ULTRA-LOW SULFUR - DYED (NON-TAXABLE),.60737,.04,.1323,.77967,.03898,0,.81865,10/29/20
6519,PRINCE GEORGE H,BC,DIESEL EXHAUST FLUID PUMP,.71339,,0,.71339,.03567,.04994,.799,10/29/20
6519,PRINCE GEORGE H,BC,ETHANOL UNLEADED REGULAR (86 OR 87 OCTANE),.55547,.1,.2339,.88937,.04447,0,.93384,10/29/20
6519,PRINCE GEORGE H,BC,ETHANOL UNLEADED MID GRADE (88 OR 89 OCTANE),.59547,.1,.2339,.92937,.04647,0,.97584,10/29/20
6628,PG PARKHILL CL ,BC,UNLEADED PREMIUM 90/91 DYED (NON TAX),.682,.1,.1189,.9009,.04505,0,.94595,10/29/20
6628,PG PARKHILL CL ,BC,DIESEL #2 ULTRA-LOW SULFUR - DYED (NON-TAXABLE),.623,.04,.1323,.7953,.03977,0,.83507,10/29/20
6628,PG PARKHILL CL ,BC,ETHANOL UNLEADED REGULAR (86 OR 87 OCTANE),.572,.1,.2339,.9059,.0453,0,.9512,10/29/20
6628,PG PARKHILL CL ,BC,UNLEADED REG W/ETHANOL 86/87 DYED (NON TAX),.572,.1,.1189,.7909,.03955,0,.83045,10/29/20
6628,PG PARKHILL CL ,BC,DIESEL 2 ULSD (LED),.623,.04,.2523,.9153,.04577,0,.96107,10/29/20
6629,PG HART HWY CL ,BC,ETHANOL UNLEADED REGULAR (86 OR 87 OCTANE),.5617,.1,.2339,.8956,.04478,0,.94038,10/29/20
6629,PG HART HWY CL ,BC,DIESEL #2 ULTRA-LOW SULFUR - DYED (NON-TAXABLE),.6127,.04,.1323,.785,.03925,0,.82425,10/29/20
6629,PG HART HWY CL ,BC,DIESEL 2 ULSD (LED),.6127,.04,.2523,.905,.04525,0,.95025,10/29/20
6629,PG HART HWY CL ,BC,UNLEADED REG W/ETHANOL 86/87 DYED (NON TAX),.5617,.1,.1189,.7806,.03903,0,.81963,10/29/20
7580,SICAMOUS HUSKY ,BC,DIESEL 2 ULSD (LED),.60905,.04,.2523,.90135,.04507,0,.94642,10/29/20
7580,SICAMOUS HUSKY ,BC,DIESEL EXHAUST FLUID PUMP,.71339,,0,.71339,.03567,.04994,.799,10/29/20
7580,SICAMOUS HUSKY ,BC,ETHANOL UNLEADED MID GRADE (88 OR 89 OCTANE),.61964,.1,.2339,.95354,.04768,0,1.00122,10/29/20
7580,SICAMOUS HUSKY ,BC,ETHANOL UNLEADED REGULAR (86 OR 87 OCTANE),.57964,.1,.2339,.91354,.04568,0,.95922,10/29/20
7580,SICAMOUS HUSKY ,BC,DIESEL #2 ULTRA-LOW SULFUR - DYED (NON-TAXABLE),.60905,.04,.1323,.78135,.03907,0,.82042,10/29/20
7580,SICAMOUS HUSKY ,BC,UNLEADED PREMIUM 90/91 DYED (NON TAX),.68964,.1,.1189,.90854,.04543,0,.95397,10/29/20
7580,SICAMOUS HUSKY ,BC,UNLEADED PREMIUM (90 OR 91 OCTANE),.68964,.1,.2339,1.02354,.05118,0,1.07472,10/29/20
8174,FOREMAN ESSO CL,BC,UNLEADED PREMIUM (90 OR 91 OCTANE),.66717,.1,.2339,1.00107,.05005,0,1.05112,10/29/20
8174,FOREMAN ESSO CL,BC,DIESEL 2 ULSD (LED),.60962,.04,.2523,.90192,.0451,0,.94702,10/29/20
8174,FOREMAN ESSO CL,BC,DIESEL #2 ULTRA-LOW SULFUR - DYED (NON-TAXABLE),.60962,.04,.1323,.78192,.0391,0,.82102,10/29/20
8174,FOREMAN ESSO CL,BC,UNLEADED PREMIUM 90/91 DYED (NON TAX),.66717,.1,.1189,.88607,.0443,0,.93037,10/29/20
8174,FOREMAN ESSO CL,BC,ETHANOL UNLEADED MID GRADE (88 OR 89 OCTANE),.59717,.1,.2339,.93107,.04655,0,.97762,10/29/20
8174,FOREMAN ESSO CL,BC,ETHANOL UNLEADED REGULAR (86 OR 87 OCTANE),.55717,.1,.2339,.89107,.04455,0,.93562,10/29/20
8468,TERRACE CL     ,BC,DIESEL #2 ULTRA-LOW SULFUR - DYED (NON-TAXABLE),.64678,.04,.1323,.81908,.04095,0,.86003,10/29/20
8468,TERRACE CL     ,BC,DIESEL 2 ULSD (LED),.64678,.04,.2523,.93908,.04695,0,.98603,10/29/20
1980,REDONDA HUSKY T,MB,DIESEL 2 ULSD (LED),.5422,.04,.2205,.8027,.04014,0,.84284,10/29/20
1980,REDONDA HUSKY T,MB,DIESEL EXHAUST FLUID PUMP,.71339,,0,.71339,.03567,.04994,.799,10/29/20
3588,MIDDLETON ESSO ,MB,DIESEL 2 ULSD (LED),.55492,.04,.2205,.81542,.04077,0,.85619,10/29/20
3589,ASHERN ESSO CL ,MB,DIESEL 2 ULSD (LED),.5521,.04,.2205,.8126,.04063,0,.85323,10/29/20
3590,OAKBLUFF ESSO C,MB,DIESEL 2 ULSD (LED),.5422,.04,.2205,.8027,.04014,0,.84284,10/29/20
3591,HADASHVILLE ESS,MB,DIESEL 2 ULSD (LED),.5453,.04,.2205,.8058,.04029,0,.84609,10/29/20
3591,HADASHVILLE ESS,MB,DIESEL EXHAUST FLUID PUMP,.71339,,0,.71339,.03567,.04994,.799,10/29/20
3860,HEADINGLEY HUSK,MB,DIESEL EXHAUST FLUID PUMP,.71339,,0,.71339,.03567,.04994,.799,10/29/20
3860,HEADINGLEY HUSK,MB,ETHANOL UNLEADED MID GRADE (88 OR 89 OCTANE),.52522,.1,.2063,.83152,.04158,0,.8731,10/29/20
3860,HEADINGLEY HUSK,MB,ETHANOL UNLEADED REGULAR (86 OR 87 OCTANE),.48522,.1,.2063,.79152,.03958,0,.8311,10/29/20
3860,HEADINGLEY HUSK,MB,DIESEL 2 ULSD (LED),.54096,.04,.2205,.80146,.04007,0,.84153,10/29/20
3860,HEADINGLEY HUSK,MB,UNLEADED PREMIUM (90 OR 91 OCTANE),.59522,.1,.2063,.90152,.04508,0,.9466,10/29/20
7002,KENASTON HUSKY ,MB,UNLEADED REGULAR (86 OR 87 OCTANE),.643,.1,.2063,.9493,.04747,0,.99677,10/29/20
7002,KENASTON HUSKY ,MB,DIESEL 2 ULSD (LED),.541,.04,.2205,.8015,.04008,0,.84158,10/29/20
7002,KENASTON HUSKY ,MB,ETHANOL UNLEADED REGULAR (86 OR 87 OCTANE),.486,.1,.2063,.7923,.03962,0,.83192,10/29/20
7119,MARION HUSKY   ,MB,ETHANOL UNLEADED MID GRADE (88 OR 89 OCTANE),-.04423,.1,.2063,.26207,.0131,0,.27517,10/29/20
7119,MARION HUSKY   ,MB,DIESEL 2 ULSD (LED),.54175,.04,.2205,.80225,.04011,0,.84236,10/29/20
7119,MARION HUSKY   ,MB,ETHANOL UNLEADED PREMIUM (90 OR 91 OCTANE),.59577,.1,.2063,.90207,.0451,0,.94717,10/29/20
7119,MARION HUSKY   ,MB,ETHANOL UNLEADED REGULAR (86 OR 87 OCTANE),.48577,.1,.2063,.79207,.0396,0,.83167,10/29/20
7147,MORRIS HUSKY CL,MB,ETHANOL UNLEADED REGULAR (86 OR 87 OCTANE),.49385,.1,.2063,.80015,.04001,0,.84016,10/29/20
7147,MORRIS HUSKY CL,MB,UNLEADED PREMIUM (90 OR 91 OCTANE),.60385,.1,.2063,.91015,.04551,0,.95566,10/29/20
7147,MORRIS HUSKY CL,MB,ETHANOL UNLEADED MID GRADE (88 OR 89 OCTANE),-.03615,.1,.2063,.27015,.01351,0,.28366,10/29/20
7147,MORRIS HUSKY CL,MB,DIESEL 2 ULSD (LED),.55153,.04,.2205,.81203,.0406,0,.85263,10/29/20
731,BRANDON HUSKY T,MB,DIESEL EXHAUST FLUID PUMP,.71339,,0,.71339,.03567,.04994,.799,10/29/20
731,BRANDON HUSKY T,MB,ETHANOL UNLEADED MID GRADE (88 OR 89 OCTANE),.53215,.1,.2063,.83845,.04192,0,.88037,10/29/20
731,BRANDON HUSKY T,MB,DIESEL 2 ULSD (LED),.54884,.04,.2205,.80934,.04047,0,.84981,10/29/20
731,BRANDON HUSKY T,MB,ETHANOL UNLEADED REGULAR (86 OR 87 OCTANE),.49215,.1,.2063,.79845,.03992,0,.83837,10/29/20
731,BRANDON HUSKY T,MB,UNLEADED PREMIUM (90 OR 91 OCTANE),.60215,.1,.2063,.90845,.04542,0,.95387,10/29/20
9123,BROOKSIDE RC   ,MB,DIESEL 2 ULSD (LED),.541,.04,.2205,.8015,.04008,0,.84158,10/29/20
9123,BROOKSIDE RC   ,MB,DIESEL #2 ULTRA-LOW SULFUR - DYED (NON-TAXABLE),.541,.04,.0805,.6615,.03308,0,.69458,10/29/20
9150,WINNIPEG HUSKY ,MB,DIESEL EXHAUST FLUID PUMP,.71339,,0,.71339,.03567,.04994,.799,10/29/20
9150,WINNIPEG HUSKY ,MB,DIESEL #2 ULTRA-LOW SULFUR - DYED (NON-TAXABLE),.541,.04,.0805,.6615,.03308,0,.69458,10/29/20
9150,WINNIPEG HUSKY ,MB,ETHANOL UNLEADED REGULAR (86 OR 87 OCTANE),.486,.1,.2063,.7923,.03962,0,.83192,10/29/20
9150,WINNIPEG HUSKY ,MB,DIESEL 2 ULSD (LED),.541,.04,.2205,.8015,.04008,0,.84158,10/29/20
9150,WINNIPEG HUSKY ,MB,UNLEADED PREMIUM (90 OR 91 OCTANE),.596,.1,.2063,.9023,.04512,0,.94742,10/29/20
9150,WINNIPEG HUSKY ,MB,ETHANOL UNLEADED MID GRADE (88 OR 89 OCTANE),.526,.1,.2063,.8323,.04162,0,.87392,10/29/20
9150,WINNIPEG HUSKY ,MB,UNLEADED REG W/ETHANOL 86/87 DYED (NON TAX),.486,.1,.0963,.6823,.03412,0,.71642,10/29/20
9150,WINNIPEG HUSKY ,MB,UNLEADED PREMIUM 90/91 DYED (NON TAX),.596,.1,.0963,.7923,.03962,0,.83192,10/29/20
3566,MIRAMICHI ESSO ,NB,DIESEL 2 ULSD (LED),.467,.04,.235,.742,.1113,0,.8533,10/29/20
8178,BAYSIDE ESSO CL,NS,DIESEL EXHAUST FLUID PUMP,.69478,,0,.69478,.10422,0,.799,10/29/20
8178,BAYSIDE ESSO CL,NS,DIESEL 2 ULSD (LED),.46911,.04,.154,.66311,.09947,0,.76258,10/29/20
2375,BROCK HUSKY LIG,ON,UNLEADED PREMIUM (90 OR 91 OCTANE),.5521,.1,.2133,.8654,.1125,0,.9779,10/29/20
2375,BROCK HUSKY LIG,ON,DIESEL 2 ULSD (LED),.45008,.04,.2235,.71358,.09277,0,.80635,10/29/20
2375,BROCK HUSKY LIG,ON,ETHANOL UNLEADED REGULAR (86 OR 87 OCTANE),.4571,.1,.2133,.7704,.10015,0,.87055,10/29/20
2375,BROCK HUSKY LIG,ON,ETHANOL UNLEADED MID GRADE (88 OR 89 OCTANE),-.0439,.1,.2133,.2694,.03502,0,.30442,10/29/20
2502,DRYDEN HUSKY TC,ON,UNLEADED PREMIUM (90 OR 91 OCTANE),.61171,.1,.2133,.92501,.12025,0,1.04526,10/29/20
2502,DRYDEN HUSKY TC,ON,DIESEL 2 ULSD (LED),.55977,.04,.2235,.82327,.10703,0,.9303,10/29/20
2502,DRYDEN HUSKY TC,ON,ETHANOL UNLEADED MID GRADE (88 OR 89 OCTANE),.54171,.1,.2133,.85501,.11115,0,.96616,10/29/20
2502,DRYDEN HUSKY TC,ON,ETHANOL UNLEADED REGULAR (86 OR 87 OCTANE),.50171,.1,.2133,.81501,.10595,0,.92096,10/29/20
2502,DRYDEN HUSKY TC,ON,DIESEL EXHAUST FLUID PUMP,.70708,,0,.70708,.09192,0,.799,10/29/20
3571,SUNDERLAND ESSO,ON,DIESEL 2 ULSD (LED),.453,.04,.2235,.7165,.09315,0,.80965,10/29/20
3572,WAUBAUSHENE ESS,ON,DIESEL 2 ULSD (LED),.4576,.04,.2235,.7211,.09374,0,.81484,10/29/20
3573,FORT FRANCES ES,ON,DIESEL 2 ULSD (LED),.56689,.04,.2235,.83039,.10795,0,.93834,10/29/20
3573,FORT FRANCES ES,ON,UNLEADED PREMIUM (90 OR 91 OCTANE),.61752,.1,.2133,.93082,.12101,0,1.05183,10/29/20
3573,FORT FRANCES ES,ON,ETHANOL UNLEADED MID GRADE (88 OR 89 OCTANE),.54752,.1,.2133,.86082,.11191,0,.97273,10/29/20
3573,FORT FRANCES ES,ON,DIESEL #2 ULTRA-LOW SULFUR - DYED (NON-TAXABLE),.56689,.04,.0805,.68739,.08936,0,.77675,10/29/20
3573,FORT FRANCES ES,ON,ETHANOL UNLEADED REGULAR (86 OR 87 OCTANE),.50752,.1,.2133,.82082,.10671,0,.92753,10/29/20
3574,BELLEVILLE JAKE,ON,DIESEL 2 ULSD (LED),.456,.04,.2235,.7195,.09354,0,.81304,10/29/20
3575,DUNVEGAN ESSO C,ON,DIESEL #2 ULTRA-LOW SULFUR - DYED (NON-TAXABLE),.4578,.04,.0805,.5783,.07518,0,.65348,10/29/20
3575,DUNVEGAN ESSO C,ON,DIESEL EXHAUST FLUID PUMP,.70708,,0,.70708,.09192,0,.799,10/29/20
3575,DUNVEGAN ESSO C,ON,DIESEL 2 ULSD (LED),.4578,.04,.2235,.7213,.09377,0,.81507,10/29/20
3576,HWY 17 ESSO CL ,ON,DIESEL 2 ULSD (LED),.5627,.04,.2235,.8262,.10741,0,.93361,10/29/20
3576,HWY 17 ESSO CL ,ON,DIESEL #2 ULTRA-LOW SULFUR - DYED (NON-TAXABLE),.5627,.04,.0805,.6832,.08882,0,.77202,10/29/20
3576,HWY 17 ESSO CL ,ON,ETHANOL UNLEADED REGULAR (86 OR 87 OCTANE),.5047,.1,.2133,.818,.10634,0,.92434,10/29/20
3577,MISSISSAUGA ESS,ON,DIESEL 2 ULSD (LED),.453,.04,.2235,.7165,.09315,0,.80965,10/29/20
3577,MISSISSAUGA ESS,ON,DIESEL EXHAUST FLUID PUMP,.70708,,0,.70708,.09192,0,.799,10/29/20
3578,FRONT ESSO CL  ,ON,DIESEL 2 ULSD (LED),.543,.04,.2235,.8065,.10485,0,.91135,10/29/20
3579,HWY 400 ESSO CL,ON,DIESEL 2 ULSD (LED),.447,.04,.2235,.7105,.09237,0,.80287,10/29/20
3580,KINGSTON ESSO C,ON,DIESEL EXHAUST FLUID PUMP,.70708,,0,.70708,.09192,0,.799,10/29/20
3580,KINGSTON ESSO C,ON,DIESEL #2 ULTRA-LOW SULFUR - DYED (NON-TAXABLE),.47092,.04,.0805,.59142,.07688,0,.6683,10/29/20
3580,KINGSTON ESSO C,ON,DIESEL 2 ULSD (LED),.47092,.04,.2235,.73442,.09547,0,.82989,10/29/20
3581,LUNDYS LANE ESS,ON,DIESEL 2 ULSD (LED),.45,.04,.2235,.7135,.09276,0,.80626,10/29/20
3582,NAIRN ESSO CL  ,ON,DIESEL 2 ULSD (LED),.479,.04,.2235,.7425,.09653,0,.83903,10/29/20
3583,STOUFFVILLE ESS,ON,DIESEL 2 ULSD (LED),.45,.04,.2235,.7135,.09276,0,.80626,10/29/20
3584,SIOUX ESSO CL  ,ON,DIESEL #2 ULTRA-LOW SULFUR - DYED (NON-TAXABLE),.5594,.04,.0805,.6799,.08839,0,.76829,10/29/20
3584,SIOUX ESSO CL  ,ON,ETHANOL UNLEADED REGULAR (86 OR 87 OCTANE),.51014,.1,.2133,.82344,.10705,0,.93049,10/29/20
3584,SIOUX ESSO CL  ,ON,DIESEL 2 ULSD (LED),.5594,.04,.2235,.8229,.10698,0,.92988,10/29/20
3585,TIMMINS ESSO CL,ON,DIESEL 2 ULSD (LED),.4877,.04,.2235,.7512,.09766,0,.84886,10/29/20
3585,TIMMINS ESSO CL,ON,DIESEL #2 ULTRA-LOW SULFUR - DYED (NON-TAXABLE),.4877,.04,.0805,.6082,.07907,0,.68727,10/29/20
3586,PINEWOOD ESSO C,ON,DIESEL 2 ULSD (LED),.5021,.04,.2235,.7656,.09953,0,.86513,10/29/20
3586,PINEWOOD ESSO C,ON,ETHANOL UNLEADED REGULAR (86 OR 87 OCTANE),.4941,.1,.2133,.8074,.10496,0,.91236,10/29/20
3586,PINEWOOD ESSO C,ON,UNLEADED REGULAR (86 OR 87 OCTANE),.4941,.1,.2133,.8074,.10496,0,.91236,10/29/20
3586,PINEWOOD ESSO C,ON,DIESEL #2 ULTRA-LOW SULFUR - DYED (NON-TAXABLE),.5021,.04,.0805,.6226,.08094,0,.70354,10/29/20
3587,HAWKESBURY ESSO,ON,DIESEL EXHAUST FLUID PUMP,.70708,,0,.70708,.09192,0,.799,10/29/20
3587,HAWKESBURY ESSO,ON,DIESEL #2 ULTRA-LOW SULFUR - DYED (NON-TAXABLE),.4575,.04,.0805,.578,.07514,0,.65314,10/29/20
3587,HAWKESBURY ESSO,ON,DIESEL 2 ULSD (LED),.4575,.04,.2235,.721,.09373,0,.81473,10/29/20
3644,HWY 401 ESSO CL,ON,DIESEL 2 ULSD (LED),.4465,.04,.2235,.71,.0923,0,.8023,10/29/20
3645,NEWCASTLE ESSO ,ON,DIESEL 2 ULSD (LED),.4525,.04,.2235,.716,.09308,0,.80908,10/29/20
3646,4TH LINE ESSO C,ON,DIESEL EXHAUST FLUID PUMP,.75133,,0,.75133,.09767,0,.849,10/29/20
3646,4TH LINE ESSO C,ON,DIESEL #2 ULTRA-LOW SULFUR - DYED (NON-TAXABLE),.458,.04,.0805,.5785,.07521,0,.65371,10/29/20
3646,4TH LINE ESSO C,ON,DIESEL 2 ULSD (LED),.458,.04,.2235,.7215,.0938,0,.8153,10/29/20
3648,LANGSTAFF ESSO ,ON,DIESEL #2 ULTRA-LOW SULFUR - DYED (NON-TAXABLE),.453,.04,.0805,.5735,.07456,0,.64806,10/29/20
3648,LANGSTAFF ESSO ,ON,DIESEL EXHAUST FLUID PUMP,.70708,,0,.70708,.09192,0,.799,10/29/20
3648,LANGSTAFF ESSO ,ON,DIESEL 2 ULSD (LED),.453,.04,.2235,.7165,.09315,0,.80965,10/29/20
3651,BOUNDARY ESSO C,ON,DIESEL EXHAUST FLUID PUMP,.70708,,0,.70708,.09192,0,.799,10/29/20
3651,BOUNDARY ESSO C,ON,DIESEL #2 ULTRA-LOW SULFUR - DYED (NON-TAXABLE),.4592,.04,.0805,.5797,.07536,0,.65506,10/29/20
3651,BOUNDARY ESSO C,ON,DIESEL 2 ULSD (LED),.4592,.04,.2235,.7227,.09395,0,.81665,10/29/20
3866,HEARST HUSKY TC,ON,UNLEADED MID GRADE (88 OR 89 OCTANE),.59419,.1,.2133,.90749,.11797,0,1.02546,10/29/20
3866,HEARST HUSKY TC,ON,UNLEADED PREMIUM (90 OR 91 OCTANE),.66419,.1,.2133,.97749,.12707,0,1.10456,10/29/20
3866,HEARST HUSKY TC,ON,UNLEADED REGULAR (86 OR 87 OCTANE),.55419,.1,.2133,.86749,.11277,0,.98026,10/29/20
3866,HEARST HUSKY TC,ON,DIESEL 2 ULSD (LED),.5393,.04,.2235,.8028,.10436,0,.90716,10/29/20
3866,HEARST HUSKY TC,ON,DIESEL #2 ULTRA-LOW SULFUR - DYED (NON-TAXABLE),.5393,.04,.0805,.6598,.08577,0,.74557,10/29/20
3866,HEARST HUSKY TC,ON,DIESEL EXHAUST FLUID PUMP,.70708,,0,.70708,.09192,0,.799,10/29/20
3963,MILTON PRIDE ES,ON,DIESEL EXHAUST FLUID PUMP,.66372,,0,.66372,.08628,0,.75,10/29/20
3963,MILTON PRIDE ES,ON,DIESEL 2 ULSD (LED),.44742,.04,.2235,.71092,.09242,0,.80334,10/29/20
4458,KINGSTON HUSKY ,ON,ETHANOL UNLEADED MID GRADE (88 OR 89 OCTANE),.49519,.1,.2133,.80849,.1051,0,.91359,10/29/20
4458,KINGSTON HUSKY ,ON,ETHANOL UNLEADED REGULAR (86 OR 87 OCTANE),.45519,.1,.2133,.76849,.0999,0,.86839,10/29/20
4458,KINGSTON HUSKY ,ON,DIESEL #2 ULTRA-LOW SULFUR - DYED (NON-TAXABLE),.45882,.04,.0805,.57932,.07531,0,.65463,10/29/20
4458,KINGSTON HUSKY ,ON,DIESEL 2 ULSD (LED),.45882,.04,.2235,.72232,.0939,0,.81622,10/29/20
4458,KINGSTON HUSKY ,ON,UNLEADED PREMIUM (90 OR 91 OCTANE),.55019,.1,.2133,.86349,.11225,0,.97574,10/29/20
4458,KINGSTON HUSKY ,ON,DIESEL EXHAUST FLUID PUMP,.70708,,0,.70708,.09192,0,.799,10/29/20
470,LONDON HUSKY TC,ON,ETHANOL UNLEADED MID GRADE (88 OR 89 OCTANE),.49458,.1,.2133,.80788,.10502,0,.9129,10/29/20
470,LONDON HUSKY TC,ON,ETHANOL UNLEADED REGULAR (86 OR 87 OCTANE),.45458,.1,.2133,.76788,.09982,0,.8677,10/29/20
470,LONDON HUSKY TC,ON,DIESEL #2 ULTRA-LOW SULFUR - DYED (NON-TAXABLE),.44671,.04,.0805,.56721,.07374,0,.64095,10/29/20
470,LONDON HUSKY TC,ON,DIESEL 2 ULSD (LED),.44671,.04,.2235,.71021,.09233,0,.80254,10/29/20
470,LONDON HUSKY TC,ON,UNLEADED PREMIUM (90 OR 91 OCTANE),.54958,.1,.2133,.86288,.11217,0,.97505,10/29/20
470,LONDON HUSKY TC,ON,DIESEL EXHAUST FLUID PUMP,.70708,,0,.70708,.09192,0,.799,10/29/20
5285,KENNEDY RD HUSK,ON,DIESEL 2 ULSD (LED),.44961,.04,.2235,.71311,.0927,0,.80581,10/29/20
5285,KENNEDY RD HUSK,ON,UNLEADED PREMIUM (90 OR 91 OCTANE),.55177,.1,.2133,.86507,.11246,0,.97753,10/29/20
5285,KENNEDY RD HUSK,ON,DIESEL #2 ULTRA-LOW SULFUR - DYED (NON-TAXABLE),.44961,.04,.0805,.57011,.07411,0,.64422,10/29/20
5285,KENNEDY RD HUSK,ON,ETHANOL UNLEADED REGULAR (86 OR 87 OCTANE),.45677,.1,.2133,.77007,.10011,0,.87018,10/29/20
5285,KENNEDY RD HUSK,ON,ETHANOL UNLEADED MID GRADE (88 OR 89 OCTANE),.49677,.1,.2133,.81007,.10531,0,.91538,10/29/20
5285,KENNEDY RD HUSK,ON,DIESEL EXHAUST FLUID PUMP,.75133,,0,.75133,.09767,0,.849,10/29/20
5289,DIXIE RD HUSKY ,ON,DIESEL 2 ULSD (LED),.44917,.04,.2235,.71267,.09265,0,.80532,10/29/20
5289,DIXIE RD HUSKY ,ON,UNLEADED PREMIUM (90 OR 91 OCTANE),.55137,.1,.2133,.86467,.11241,0,.97708,10/29/20
5289,DIXIE RD HUSKY ,ON,DIESEL #2 ULTRA-LOW SULFUR - DYED (NON-TAXABLE),.44917,.04,.0805,.56967,.07406,0,.64373,10/29/20
5289,DIXIE RD HUSKY ,ON,DIESEL EXHAUST FLUID PUMP,.70708,,0,.70708,.09192,0,.799,10/29/20
5289,DIXIE RD HUSKY ,ON,ETHANOL UNLEADED MID GRADE (88 OR 89 OCTANE),-.04463,.1,.2133,.26867,.03493,0,.3036,10/29/20
5289,DIXIE RD HUSKY ,ON,ETHANOL UNLEADED REGULAR (86 OR 87 OCTANE),.45637,.1,.2133,.76967,.10006,0,.86973,10/29/20
5637,NEW LISKEARD HU,ON,DIESEL EXHAUST FLUID PUMP,.70708,,0,.70708,.09192,0,.799,10/29/20
5637,NEW LISKEARD HU,ON,ETHANOL UNLEADED MID GRADE (88 OR 89 OCTANE),-.02215,.1,.2133,.29115,.03785,0,.329,10/29/20
5637,NEW LISKEARD HU,ON,DIESEL #2 ULTRA-LOW SULFUR - DYED (NON-TAXABLE),.47529,.04,.0805,.59579,.07745,0,.67324,10/29/20
5637,NEW LISKEARD HU,ON,DIESEL 2 ULSD (LED),.47529,.04,.2235,.73879,.09604,0,.83483,10/29/20
5637,NEW LISKEARD HU,ON,UNLEADED PREMIUM (90 OR 91 OCTANE),.57385,.1,.2133,.88715,.11533,0,1.00248,10/29/20
5637,NEW LISKEARD HU,ON,ETHANOL UNLEADED REGULAR (86 OR 87 OCTANE),.47885,.1,.2133,.79215,.10298,0,.89513,10/29/20
5657,NIPIGON HUSKY T,ON,DIESEL 2 ULSD (LED),.58738,.04,.2235,.85088,.11061,0,.96149,10/29/20
5657,NIPIGON HUSKY T,ON,DIESEL EXHAUST FLUID PUMP,.70708,,0,.70708,.09192,0,.799,10/29/20
5657,NIPIGON HUSKY T,ON,UNLEADED MID GRADE (88 OR 89 OCTANE),.56505,.1,.2133,.87835,.11419,0,.99254,10/29/20
5657,NIPIGON HUSKY T,ON,UNLEADED PREMIUM (90 OR 91 OCTANE),.63505,.1,.2133,.94835,.12329,0,1.07164,10/29/20
5657,NIPIGON HUSKY T,ON,UNLEADED REGULAR (86 OR 87 OCTANE),.52505,.1,.2133,.83835,.10899,0,.94734,10/29/20
5681,NORTH BAY CL   ,ON,DIESEL 2 ULSD (LED),.46513,.04,.2235,.72863,.09472,0,.82335,10/29/20
5681,NORTH BAY CL   ,ON,DIESEL #2 ULTRA-LOW SULFUR - DYED (NON-TAXABLE),.46513,.04,.0805,.58563,.07613,0,.66176,10/29/20
6169,STOUFFVILLE HUS,ON,UNLEADED PREMIUM (90 OR 91 OCTANE),.552,.1,.2133,.8653,.11249,0,.97779,10/29/20
6169,STOUFFVILLE HUS,ON,ETHANOL UNLEADED MID GRADE (88 OR 89 OCTANE),-.044,.1,.2133,.2693,.03501,0,.30431,10/29/20
6169,STOUFFVILLE HUS,ON,ETHANOL UNLEADED REGULAR (86 OR 87 OCTANE),.457,.1,.2133,.7703,.10014,0,.87044,10/29/20
6169,STOUFFVILLE HUS,ON,DIESEL 2 ULSD (LED),.44997,.04,.2235,.71347,.09275,0,.80622,10/29/20
700,BRADFORD HUSKY ,ON,UNLEADED PREMIUM (90 OR 91 OCTANE),.5522,.1,.2133,.8655,.11252,0,.97802,10/29/20
700,BRADFORD HUSKY ,ON,ETHANOL UNLEADED REGULAR (86 OR 87 OCTANE),.4572,.1,.2133,.7705,.10017,0,.87067,10/29/20
700,BRADFORD HUSKY ,ON,DIESEL #2 ULTRA-LOW SULFUR - DYED (NON-TAXABLE),.44993,.04,.0805,.57043,.07416,0,.64459,10/29/20
700,BRADFORD HUSKY ,ON,DIESEL 2 ULSD (LED),.44993,.04,.2235,.71343,.09275,0,.80618,10/29/20
700,BRADFORD HUSKY ,ON,ETHANOL UNLEADED MID GRADE (88 OR 89 OCTANE),.4972,.1,.2133,.8105,.10537,0,.91587,10/29/20
7038,SPENCERVILLE HU,ON,ETHANOL UNLEADED MID GRADE (88 OR 89 OCTANE),.7801,.1,.2133,1.0934,.14214,0,1.23554,10/29/20
7038,SPENCERVILLE HU,ON,ETHANOL UNLEADED REGULAR (86 OR 87 OCTANE),.4541,.1,.2133,.7674,.09976,0,.86716,10/29/20
7038,SPENCERVILLE HU,ON,DIESEL 2 ULSD (LED),.45757,.04,.2235,.72107,.09374,0,.81481,10/29/20
7038,SPENCERVILLE HU,ON,UNLEADED PREMIUM (90 OR 91 OCTANE),.5491,.1,.2133,.8624,.11211,0,.97451,10/29/20
7113,ST. CATHARINE'S,ON,UNLEADED PREMIUM (90 OR 91 OCTANE),.5543,.1,.2133,.8676,.11279,0,.98039,10/29/20
7113,ST. CATHARINE'S,ON,DIESEL 2 ULSD (LED),.45251,.04,.2235,.71601,.09308,0,.80909,10/29/20
7113,ST. CATHARINE'S,ON,DIESEL EXHAUST FLUID PUMP,.70708,,0,.70708,.09192,0,.799,10/29/20
7113,ST. CATHARINE'S,ON,ETHANOL UNLEADED MID GRADE (88 OR 89 OCTANE),-.0417,.1,.2133,.2716,.03531,0,.30691,10/29/20
7113,ST. CATHARINE'S,ON,ETHANOL UNLEADED REGULAR (86 OR 87 OCTANE),.4593,.1,.2133,.7726,.10044,0,.87304,10/29/20
7113,ST. CATHARINE'S,ON,DIESEL #2 ULTRA-LOW SULFUR - DYED (NON-TAXABLE),.45251,.04,.0805,.57301,.07449,0,.6475,10/29/20
7432,SSM E HUSKY TC ,ON,UNLEADED PREMIUM (90 OR 91 OCTANE),.57914,.1,.2133,.89244,.11602,0,1.00846,10/29/20
7432,SSM E HUSKY TC ,ON,ETHANOL UNLEADED MID GRADE (88 OR 89 OCTANE),-.04586,.1,.2133,.26744,.03477,0,.30221,10/29/20
7432,SSM E HUSKY TC ,ON,ETHANOL UNLEADED REGULAR (86 OR 87 OCTANE),.48414,.1,.2133,.79744,.10367,0,.90111,10/29/20
7432,SSM E HUSKY TC ,ON,DIESEL #2 ULTRA-LOW SULFUR - DYED (NON-TAXABLE),.49272,.04,.0805,.61322,.07972,0,.69294,10/29/20
7432,SSM E HUSKY TC ,ON,DIESEL 2 ULSD (LED),.49272,.04,.2235,.75622,.09831,0,.85453,10/29/20
7432,SSM E HUSKY TC ,ON,DIESEL EXHAUST FLUID PUMP,.70708,,0,.70708,.09192,0,.799,10/29/20
8135,WOODSTOCK ESSO ,ON,DIESEL EXHAUST FLUID PUMP,.79558,,0,.79558,.10342,0,.899,10/29/20
8135,WOODSTOCK ESSO ,ON,DIESEL 2 ULSD (LED),.453,.04,.2235,.7165,.09315,0,.80965,10/29/20
8176,COCHRANE ESSO C,ON,DIESEL #2 ULTRA-LOW SULFUR - DYED (NON-TAXABLE),.50635,.04,.0805,.62685,.08149,0,.70834,10/29/20
8176,COCHRANE ESSO C,ON,DIESEL EXHAUST FLUID PUMP,.70708,,0,.70708,.09192,0,.799,10/29/20
8176,COCHRANE ESSO C,ON,DIESEL 2 ULSD (LED),.50635,.04,.2235,.76985,.10008,0,.86993,10/29/20
8180,CARDINAL ESSO C,ON,DIESEL #2 ULTRA-LOW SULFUR - DYED (NON-TAXABLE),.45837,.04,.0805,.57887,.07525,0,.65412,10/29/20
8180,CARDINAL ESSO C,ON,DIESEL 2 ULSD (LED),.45837,.04,.2235,.72187,.09384,0,.81571,10/29/20
8180,CARDINAL ESSO C,ON,DIESEL EXHAUST FLUID PUMP,.76018,,0,.76018,.09882,0,.859,10/29/20
8297,WINGHAM ESSO CL,ON,DIESEL 2 ULSD (LED),.456,.04,.2235,.7195,.09354,0,.81304,10/29/20
8297,WINGHAM ESSO CL,ON,DIESEL EXHAUST FLUID PUMP,.79558,,0,.79558,.10342,0,.899,10/29/20
8551,THUNDER BAY    ,ON,UNLEADED MID GRADE (88 OR 89 OCTANE),.56174,.1,.2133,.87504,.11376,0,.9888,10/29/20
8551,THUNDER BAY    ,ON,DIESEL #2 ULTRA-LOW SULFUR - DYED (NON-TAXABLE),.58348,.04,.0805,.70398,.09152,0,.7955,10/29/20
8551,THUNDER BAY    ,ON,DIESEL 2 ULSD (LED),.58348,.04,.2235,.84698,.11011,0,.95709,10/29/20
8551,THUNDER BAY    ,ON,UNLEADED REGULAR (86 OR 87 OCTANE),.52174,.1,.2133,.83504,.10856,0,.9436,10/29/20
8551,THUNDER BAY    ,ON,UNLEADED PREMIUM (90 OR 91 OCTANE),.63174,.1,.2133,.94504,.12286,0,1.0679,10/29/20
8585,THUNDER BAY HUS,ON,UNLEADED MID GRADE (88 OR 89 OCTANE),.55964,.1,.2133,.87294,.11348,0,.98642,10/29/20
8585,THUNDER BAY HUS,ON,DIESEL #2 ULTRA-LOW SULFUR - DYED (NON-TAXABLE),.58128,.04,.0805,.70178,.09123,0,.79301,10/29/20
8585,THUNDER BAY HUS,ON,DIESEL 2 ULSD (LED),.58128,.04,.2235,.84478,.10982,0,.9546,10/29/20
8585,THUNDER BAY HUS,ON,UNLEADED REGULAR (86 OR 87 OCTANE),.51964,.1,.2133,.83294,.10828,0,.94122,10/29/20
8585,THUNDER BAY HUS,ON,UNLEADED PREMIUM (90 OR 91 OCTANE),.62964,.1,.2133,.94294,.12258,0,1.06552,10/29/20
8585,THUNDER BAY HUS,ON,DIESEL EXHAUST FLUID PUMP,.70708,,0,.70708,.09192,0,.799,10/29/20
9069,WHITE RIVER HUS,ON,UNLEADED MID GRADE (88 OR 89 OCTANE),-.01076,.1,.2133,.30254,.03933,0,.34187,10/29/20
9069,WHITE RIVER HUS,ON,UNLEADED PREMIUM (90 OR 91 OCTANE),.61424,.1,.2133,.92754,.12058,0,1.04812,10/29/20
9069,WHITE RIVER HUS,ON,UNLEADED REGULAR (86 OR 87 OCTANE),.51924,.1,.2133,.83254,.10823,0,.94077,10/29/20
9069,WHITE RIVER HUS,ON,DIESEL 2 ULSD (LED),.53262,.04,.2235,.79612,.1035,0,.89962,10/29/20
9069,WHITE RIVER HUS,ON,DIESEL #2 ULTRA-LOW SULFUR - DYED (NON-TAXABLE),.53262,.04,.0805,.65312,.08491,0,.73803,10/29/20
9069,WHITE RIVER HUS,ON,ETHANOL UNLEADED REGULAR (86 OR 87 OCTANE),.51924,.1,.2133,.83254,.10823,0,.94077,10/29/20
9069,WHITE RIVER HUS,ON,ETHANOL UNLEADED MID GRADE (88 OR 89 OCTANE),-.01076,.1,.2133,.30254,.03933,0,.34187,10/29/20
9105,WINDSOR HUSKY T,ON,UNLEADED PREMIUM (90 OR 91 OCTANE),.54958,.1,.2133,.86288,.11217,0,.97505,10/29/20
9105,WINDSOR HUSKY T,ON,DIESEL 2 ULSD (LED),.44671,.04,.2235,.71021,.09233,0,.80254,10/29/20
9105,WINDSOR HUSKY T,ON,ETHANOL UNLEADED REGULAR (86 OR 87 OCTANE),.45458,.1,.2133,.76788,.09982,0,.8677,10/29/20
9105,WINDSOR HUSKY T,ON,ETHANOL UNLEADED MID GRADE (88 OR 89 OCTANE),.49958,.1,.2133,.81288,.10567,0,.91855,10/29/20
9105,WINDSOR HUSKY T,ON,DIESEL EXHAUST FLUID PUMP,.70708,,0,.70708,.09192,0,.799,10/29/20
3569,STE HELENE ESSO,PQ,DIESEL 2 ULSD (LED),.4953,.04,.202,.7373,.03687,.07355,.84772,10/29/20
3570,LACOLLE ESSO CL,PQ,DIESEL EXHAUST FLUID PUMP,.69493,,0,.69493,.03475,.06932,.799,10/29/20
3570,LACOLLE ESSO CL,PQ,DIESEL 2 ULSD (LED),.4919,.04,.202,.7339,.0367,.07321,.84381,10/29/20
3641,DESCHAMBAULT ES,PQ,DIESEL 2 ULSD (LED),.49,.04,.202,.732,.0366,.07302,.84162,10/29/20
3642,STANSTEAD ESSO ,PQ,DIESEL 2 ULSD (LED),.4954,.04,.202,.7374,.03687,.07356,.84783,10/29/20
3643,DRUMMONDVILLE E,PQ,DIESEL 2 ULSD (LED),.4911,.04,.202,.7331,.03666,.07313,.84289,10/29/20
3643,DRUMMONDVILLE E,PQ,DIESEL EXHAUST FLUID PUMP,.69493,,0,.69493,.03475,.06932,.799,10/29/20
3662,CABANO ESSO CL ,PQ,DIESEL 2 ULSD (LED),.5011,.04,.202,.7431,.03716,.07412,.85438,10/29/20
3662,CABANO ESSO CL ,PQ,DIESEL EXHAUST FLUID PUMP,.69493,,0,.69493,.03475,.06932,.799,10/29/20
3593,MEADOW LAKE ESS,SK,DIESEL #2 ULTRA-LOW SULFUR - DYED (NON-TAXABLE),.5672,.04,.1105,.7177,.03589,0,.75359,10/29/20
3593,MEADOW LAKE ESS,SK,ETHANOL UNLEADED REGULAR (86 OR 87 OCTANE),.5222,.1,.2163,.8385,.04193,0,.88043,10/29/20
3593,MEADOW LAKE ESS,SK,DIESEL 2 ULSD (LED),.5672,.04,.2305,.8377,.04189,0,.87959,10/29/20
3594,GRASSWOOD ESSO ,SK,DIESEL 2 ULSD (LED),.52536,.04,.2305,.79586,.03979,0,.83565,10/29/20
3594,GRASSWOOD ESSO ,SK,DIESEL #2 ULTRA-LOW SULFUR - DYED (NON-TAXABLE),.52536,.04,.1105,.67586,.03379,0,.70965,10/29/20
3595,N SERVICE RD ES,SK,DIESEL 2 ULSD (LED),.53805,.04,.2305,.80855,.04043,0,.84898,10/29/20
3596,DAVIDSON ESSO C,SK,DIESEL EXHAUST FLUID PUMP,.71982,,0,.71982,.03599,.04319,.799,10/29/20
3596,DAVIDSON ESSO C,SK,DIESEL 2 ULSD (LED),.5226,.04,.2305,.7931,.03966,0,.83276,10/29/20
6025,SASKATOON HUSKY,SK,DIESEL EXHAUST FLUID PUMP,.71982,,0,.71982,.03599,.04319,.799,10/29/20
6025,SASKATOON HUSKY,SK,ETHANOL UNLEADED MID GRADE (88 OR 89 OCTANE),.51903,.1,.2163,.83533,.04177,0,.8771,10/29/20
6025,SASKATOON HUSKY,SK,ETHANOL UNLEADED REGULAR (86 OR 87 OCTANE),.47903,.1,.2163,.79533,.03977,0,.8351,10/29/20
6025,SASKATOON HUSKY,SK,UNLEADED PREMIUM (90 OR 91 OCTANE),.58903,.1,.2163,.90533,.04527,0,.9506,10/29/20
6025,SASKATOON HUSKY,SK,DIESEL 2 ULSD (LED),.52488,.04,.2305,.79538,.03977,0,.83515,10/29/20
6035,MOOSEJAW HUSKY ,SK,ETHANOL UNLEADED MID GRADE (88 OR 89 OCTANE),-.03922,.1,.2163,.27708,.01385,0,.29093,10/29/20
6035,MOOSEJAW HUSKY ,SK,ETHANOL UNLEADED REGULAR (86 OR 87 OCTANE),.47978,.1,.2163,.79608,.0398,0,.83588,10/29/20
6035,MOOSEJAW HUSKY ,SK,DIESEL 2 ULSD (LED),.52638,.04,.2305,.79688,.03984,0,.83672,10/29/20
6035,MOOSEJAW HUSKY ,SK,ETHANOL UNLEADED PREMIUM (90 OR 91 OCTANE),.58978,.1,.2163,.90608,.0453,0,.95138,10/29/20
6081,PARK ST HUSKY M,SK,DIESEL 2 ULSD (LED),.52104,.04,.2305,.79154,.03958,0,.83112,10/29/20
6081,PARK ST HUSKY M,SK,ETHANOL UNLEADED MID GRADE (88 OR 89 OCTANE),.51455,.1,.2163,.83085,.04154,0,.87239,10/29/20
6081,PARK ST HUSKY M,SK,ETHANOL UNLEADED REGULAR (86 OR 87 OCTANE),.47455,.1,.2163,.79085,.03954,0,.83039,10/29/20
6081,PARK ST HUSKY M,SK,ETHANOL UNLEADED PREMIUM (90 OR 91 OCTANE),.58455,.1,.2163,.90085,.04504,0,.94589,10/29/20
6823,REGINA BP      ,SK,UNLEADED REGULAR (86 OR 87 OCTANE),.474,.1,.2163,.7903,.03952,0,.82982,10/29/20
6823,REGINA BP      ,SK,UNLEADED PREMIUM (90 OR 91 OCTANE),.584,.1,.2163,.9003,.04502,0,.94532,10/29/20
6823,REGINA BP      ,SK,UNLEADED MID GRADE (88 OR 89 OCTANE),.671,.1,.2163,.9873,.04937,0,1.03667,10/29/20
6823,REGINA BP      ,SK,DIESEL 2 ULSD (LED),.519,.04,.2305,.7895,.03948,0,.82898,10/29/20
6823,REGINA BP      ,SK,ETHANOL UNLEADED PREMIUM (90 OR 91 OCTANE),.584,.1,.2163,.9003,.04502,0,.94532,10/29/20
6823,REGINA BP      ,SK,ETHANOL UNLEADED REGULAR (86 OR 87 OCTANE),.474,.1,.2163,.7903,.03952,0,.82982,10/29/20
6823,REGINA BP      ,SK,ETHANOL UNLEADED MID GRADE (88 OR 89 OCTANE),.514,.1,.2163,.8303,.04152,0,.87182,10/29/20
6823,REGINA BP      ,SK,DIESEL EXHAUST FLUID PUMP,.71982,,0,.71982,.03599,.04319,.799,10/29/20
6823,REGINA BP      ,SK,DIESEL #2 ULTRA-LOW SULFUR - DYED (NON-TAXABLE),.519,.04,.1105,.6695,.03348,0,.70298,10/29/20
6827,REGINA HUSKY TC,SK,DIESEL 2 ULSD (LED),.51926,.04,.2305,.78976,.03949,0,.82925,10/29/20
6827,REGINA HUSKY TC,SK,ETHANOL UNLEADED REGULAR (86 OR 87 OCTANE),.47354,.1,.2163,.78984,.03949,0,.82933,10/29/20
6827,REGINA HUSKY TC,SK,ETHANOL UNLEADED MID GRADE (88 OR 89 OCTANE),.51354,.1,.2163,.82984,.04149,0,.87133,10/29/20
6827,REGINA HUSKY TC,SK,DIESEL EXHAUST FLUID PUMP,.71982,,0,.71982,.03599,.04319,.799,10/29/20
6827,REGINA HUSKY TC,SK,UNLEADED PREMIUM (90 OR 91 OCTANE),.58354,.1,.2163,.89984,.04499,0,.94483,10/29/20
7995,SWIFT CURRENT H,SK,UNLEADED PREMIUM (90 OR 91 OCTANE),.59576,.1,.2163,.91206,.0456,0,.95766,10/29/20
7995,SWIFT CURRENT H,SK,DIESEL 2 ULSD (LED),.53315,.04,.2305,.80365,.04018,0,.84383,10/29/20
7995,SWIFT CURRENT H,SK,ETHANOL UNLEADED REGULAR (86 OR 87 OCTANE),.48576,.1,.2163,.80206,.0401,0,.84216,10/29/20
7995,SWIFT CURRENT H,SK,ETHANOL UNLEADED MID GRADE (88 OR 89 OCTANE),.52576,.1,.2163,.84206,.0421,0,.88416,10/29/20
7995,SWIFT CURRENT H,SK,DIESEL EXHAUST FLUID PUMP,.71982,,0,.71982,.03599,.04319,.799,10/29/20
